0,input,Conv_0,Relu_0,MaxPool_0,Conv_1,Relu_1,Conv_2,Relu_2,MaxPool_1,Conv_3,Conv_4,Conv_6,Relu_4,MaxPool_2,Relu_6,Conv_5,Relu_5,Conv_8,Relu_3,Conv_7,Relu_7,Relu_8,Concat_0,Conv_12,Relu_12,Conv_10,MaxPool_3,Conv_13,Relu_10,Conv_11,Conv_9,Relu_11,Conv_14,Relu_14,Relu_13,Relu_9,Concat_1,MaxPool_4,Conv_18,Relu_18,Conv_19,Conv_16,Relu_19,MaxPool_5,Relu_16,Conv_17,Conv_20,Relu_17,Relu_20,Conv_15,Relu_15,Concat_2,MaxPool_6,Conv_26,Relu_26,Conv_22,Relu_22,Conv_23,Conv_24,Conv_21,Relu_23,Relu_21,Relu_24,Conv_25,Relu_25,Concat_3,MaxPool_7,Conv_30,Relu_30,Conv_28,Conv_31,Conv_27,Relu_31,Relu_28,Conv_29,Conv_32,Relu_29,Relu_32,Relu_27,Concat_4,Conv_33,Conv_34,Conv_36,Relu_33,Relu_36,Conv_37,Relu_37,MaxPool_8,Conv_38,Relu_38,Relu_34,Conv_35,Relu_35,Concat_5,MaxPool_9,Conv_44,Conv_40,Relu_40,Conv_39,Relu_39,Conv_41,Conv_42,Relu_44,Relu_41,Relu_42,Conv_43,Relu_43,Concat_6,MaxPool_10,Conv_46,Relu_46,Conv_48,MaxPool_11,Conv_50,Conv_47,Relu_50,Conv_45,Relu_45,Relu_47,Relu_48,Conv_49,Relu_49,Concat_7,Conv_52,Relu_52,MaxPool_12,Conv_56,Conv_53,Relu_53,Relu_56,Conv_54,Relu_54,Conv_55,Conv_51,Relu_51,Relu_55,Concat_8,GlobalAveragePool_0,Flatten_0,Gemm_0,output
1,input,Conv_0,Relu_0,MaxPool_0,Conv_1,Relu_1,Conv_2,Relu_2,MaxPool_1,Conv_3,Conv_4,Relu_3,Relu_4,Conv_5,Relu_5,MaxPool_2,Conv_6,Relu_6,Conv_8,Conv_7,Relu_8,Relu_7,Concat_0,MaxPool_3,Conv_12,Conv_10,Conv_14,Relu_12,Relu_10,Conv_13,Relu_14,Conv_9,Relu_13,Relu_9,Conv_11,Relu_11,Concat_1,MaxPool_4,Conv_16,Relu_16,MaxPool_5,Conv_15,Conv_20,Conv_17,Conv_18,Relu_18,Conv_19,Relu_19,Relu_20,Relu_15,Relu_17,Concat_2,Conv_22,Relu_22,Conv_23,Conv_24,Relu_24,Conv_25,Relu_25,MaxPool_6,Relu_23,Conv_26,Conv_21,Relu_21,Relu_26,Concat_3,MaxPool_7,Conv_28,Conv_32,Relu_28,Conv_29,Relu_32,Conv_30,Relu_30,Conv_31,Relu_31,Conv_27,Relu_29,Relu_27,Concat_4,Conv_36,Conv_34,MaxPool_8,Relu_36,Relu_34,Conv_37,Conv_33,Conv_35,Relu_35,Conv_38,Relu_33,Relu_37,Relu_38,Concat_5,Conv_40,Relu_40,Conv_39,MaxPool_9,Conv_41,Conv_42,Relu_42,Conv_43,Conv_44,Relu_43,Relu_39,Relu_41,Relu_44,Concat_6,MaxPool_10,Conv_46,MaxPool_11,Relu_46,Conv_47,Conv_50,Conv_48,Relu_48,Conv_45,Relu_47,Conv_49,Relu_49,Relu_50,Relu_45,Concat_7,Conv_54,Relu_54,Conv_51,MaxPool_12,Conv_52,Conv_56,Relu_51,Relu_52,Conv_55,Conv_53,Relu_56,Relu_53,Relu_55,Concat_8,GlobalAveragePool_0,Flatten_0,Gemm_0,output
2,input,Conv_0,Relu_0,MaxPool_0,Conv_1,Relu_1,Conv_2,Relu_2,MaxPool_1,Conv_3,Conv_4,Relu_3,Relu_4,Conv_6,MaxPool_2,Conv_8,Relu_6,Conv_7,Relu_8,Conv_5,Relu_7,Relu_5,Concat_0,Conv_10,Relu_10,Conv_12,MaxPool_3,Conv_11,Conv_14,Relu_11,Relu_12,Conv_9,Relu_9,Conv_13,Relu_13,Relu_14,Concat_1,MaxPool_4,Conv_18,MaxPool_5,Conv_20,Conv_16,Relu_16,Conv_15,Relu_18,Conv_17,Conv_19,Relu_15,Relu_17,Relu_20,Relu_19,Concat_2,Conv_22,Relu_22,Conv_23,Conv_24,MaxPool_6,Relu_24,Conv_25,Conv_21,Conv_26,Relu_21,Relu_26,Relu_23,Relu_25,Concat_3,Conv_30,MaxPool_7,Conv_27,Conv_32,Relu_27,Relu_30,Conv_28,Conv_31,Relu_28,Relu_31,Relu_32,Conv_29,Relu_29,Concat_4,Conv_34,Relu_34,Conv_36,Relu_36,MaxPool_8,Conv_33,Conv_38,Relu_38,Conv_37,Conv_35,Relu_33,Relu_37,Relu_35,Concat_5,Conv_42,MaxPool_9,Conv_39,Relu_42,Conv_44,Conv_43,Relu_43,Conv_40,Relu_44,Relu_39,Relu_40,Conv_41,Relu_41,Concat_6,MaxPool_10,MaxPool_11,Conv_45,Relu_45,Conv_50,Relu_50,Conv_48,Conv_46,Relu_48,Relu_46,Conv_49,Relu_49,Conv_47,Relu_47,Concat_7,MaxPool_12,Conv_54,Conv_52,Conv_56,Relu_52,Conv_53,Relu_56,Relu_54,Conv_51,Relu_53,Relu_51,Conv_55,Relu_55,Concat_8,GlobalAveragePool_0,Flatten_0,Gemm_0,output
3,input,Conv_0,Relu_0,MaxPool_0,Conv_1,Relu_1,Conv_2,Relu_2,MaxPool_1,Conv_3,Conv_4,Relu_4,MaxPool_2,Conv_6,Relu_6,Conv_7,Conv_5,Relu_5,Relu_3,Relu_7,Conv_8,Relu_8,Concat_0,Conv_12,Relu_12,Conv_13,Conv_10,MaxPool_3,Relu_10,Conv_14,Relu_14,Conv_9,Conv_11,Relu_11,Relu_9,Relu_13,Concat_1,MaxPool_4,MaxPool_5,Conv_20,Conv_16,Relu_16,Conv_17,Conv_15,Relu_20,Relu_17,Conv_18,Relu_18,Conv_19,Relu_15,Relu_19,Concat_2,Conv_22,Relu_22,Conv_24,Conv_21,Relu_24,Conv_23,Conv_25,MaxPool_6,Relu_21,Conv_26,Relu_26,Relu_23,Relu_25,Concat_3,Conv_30,Relu_30,Conv_31,MaxPool_7,Conv_27,Conv_32,Relu_31,Relu_27,Relu_32,Conv_28,Relu_28,Conv_29,Relu_29,Concat_4,Conv_36,Conv_33,Relu_33,Relu_36,MaxPool_8,Conv_37,Relu_37,Conv_34,Conv_38,Relu_34,Conv_35,Relu_35,Relu_38,Concat_5,Conv_39,Conv_42,Relu_42,Relu_39,Conv_43,Conv_40,Relu_40,MaxPool_9,Conv_44,Relu_44,Relu_43,Conv_41,Relu_41,Concat_6,MaxPool_10,Conv_48,Relu_48,MaxPool_11,Conv_45,Conv_50,Relu_45,Conv_46,Relu_50,Relu_46,Conv_47,Relu_47,Conv_49,Relu_49,Concat_7,Conv_52,Conv_54,Conv_51,Relu_54,MaxPool_12,Relu_51,Relu_52,Conv_53,Conv_56,Relu_56,Relu_53,Conv_55,Relu_55,Concat_8,GlobalAveragePool_0,Flatten_0,Gemm_0,output
4,input,Conv_0,Relu_0,MaxPool_0,Conv_1,Relu_1,Conv_2,Relu_2,MaxPool_1,Conv_3,MaxPool_2,Conv_6,Conv_8,Conv_4,Relu_4,Relu_6,Conv_7,Relu_8,Conv_5,Relu_5,Relu_7,Relu_3,Concat_0,Conv_12,MaxPool_3,Conv_9,Relu_12,Conv_13,Conv_10,Relu_10,Relu_13,Conv_11,Relu_11,Conv_14,Relu_14,Relu_9,Concat_1,MaxPool_4,Conv_16,Conv_18,Relu_18,Relu_16,Conv_17,Conv_15,MaxPool_5,Relu_15,Conv_20,Conv_19,Relu_19,Relu_17,Relu_20,Concat_2,MaxPool_6,Conv_26,Conv_24,Conv_22,Relu_22,Relu_24,Conv_25,Relu_26,Conv_23,Relu_23,Conv_21,Relu_25,Relu_21,Concat_3,Conv_30,Relu_30,MaxPool_7,Conv_31,Conv_28,Conv_32,Relu_28,Conv_29,Relu_29,Relu_32,Conv_27,Relu_27,Relu_31,Concat_4,Conv_36,Relu_36,Conv_37,Relu_37,Conv_34,Relu_34,Conv_35,MaxPool_8,Conv_38,Relu_35,Conv_33,Relu_33,Relu_38,Concat_5,Conv_42,Relu_42,MaxPool_9,Conv_40,Relu_40,Conv_44,Conv_39,Conv_41,Relu_41,Conv_43,Relu_44,Relu_39,Relu_43,Concat_6,MaxPool_10,Conv_46,Relu_46,MaxPool_11,Conv_48,Conv_47,Conv_45,Relu_45,Conv_50,Relu_48,Relu_50,Relu_47,Conv_49,Relu_49,Concat_7,Conv_54,Conv_52,Conv_51,Relu_51,Relu_54,MaxPool_12,Relu_52,Conv_53,Conv_56,Conv_55,Relu_53,Relu_56,Relu_55,Concat_8,GlobalAveragePool_0,Flatten_0,Gemm_0,output
5,input,Conv_0,Relu_0,MaxPool_0,Conv_1,Relu_1,Conv_2,Relu_2,MaxPool_1,Conv_3,Relu_3,Conv_4,MaxPool_2,Relu_4,Conv_5,Relu_5,Conv_6,Relu_6,Conv_7,Relu_7,Conv_8,Relu_8,Concat_0,Conv_9,Conv_10,MaxPool_3,Conv_12,Relu_12,Conv_13,Conv_14,Relu_13,Relu_10,Relu_14,Conv_11,Relu_11,Relu_9,Concat_1,MaxPool_4,Conv_15,Conv_16,MaxPool_5,Relu_15,Relu_16,Conv_17,Conv_18,Conv_20,Relu_18,Relu_20,Conv_19,Relu_19,Relu_17,Concat_2,Conv_21,Relu_21,MaxPool_6,Conv_22,Conv_26,Relu_26,Relu_22,Conv_23,Conv_24,Relu_23,Relu_24,Conv_25,Relu_25,Concat_3,MaxPool_7,Conv_27,Relu_27,Conv_30,Relu_30,Conv_31,Conv_28,Relu_28,Conv_32,Relu_32,Relu_31,Conv_29,Relu_29,Concat_4,Conv_34,Relu_34,Conv_35,Conv_36,Conv_33,Relu_33,Relu_35,MaxPool_8,Conv_38,Relu_36,Relu_38,Conv_37,Relu_37,Concat_5,Conv_39,Conv_42,Relu_39,Conv_40,Relu_40,Conv_41,MaxPool_9,Relu_41,Conv_44,Relu_44,Relu_42,Conv_43,Relu_43,Concat_6,MaxPool_10,Conv_46,MaxPool_11,Conv_50,Relu_46,Conv_48,Conv_45,Relu_48,Conv_47,Relu_45,Conv_49,Relu_49,Relu_50,Relu_47,Concat_7,Conv_52,Conv_51,Relu_52,MaxPool_12,Relu_51,Conv_53,Conv_54,Relu_53,Conv_56,Relu_54,Conv_55,Relu_55,Relu_56,Concat_8,GlobalAveragePool_0,Flatten_0,Gemm_0,output
6,input,Conv_0,Relu_0,MaxPool_0,Conv_1,Relu_1,Conv_2,Relu_2,MaxPool_1,Conv_4,Conv_6,Conv_3,Relu_6,MaxPool_2,Conv_7,Relu_4,Conv_8,Relu_3,Relu_7,Conv_5,Relu_5,Relu_8,Concat_0,Conv_10,Relu_10,Conv_11,MaxPool_3,Conv_9,Relu_9,Conv_12,Relu_11,Relu_12,Conv_13,Relu_13,Conv_14,Relu_14,Concat_1,MaxPool_4,MaxPool_5,Conv_16,Relu_16,Conv_20,Conv_17,Conv_18,Relu_20,Relu_18,Conv_19,Conv_15,Relu_17,Relu_19,Relu_15,Concat_2,MaxPool_6,Conv_26,Conv_22,Relu_22,Conv_21,Conv_23,Conv_24,Relu_23,Relu_24,Conv_25,Relu_25,Relu_21,Relu_26,Concat_3,Conv_28,Relu_28,Conv_30,Conv_29,Conv_27,MaxPool_7,Relu_29,Relu_30,Relu_27,Conv_32,Conv_31,Relu_32,Relu_31,Concat_4,Conv_36,Conv_34,MaxPool_8,Conv_38,Relu_38,Relu_36,Conv_33,Relu_33,Relu_34,Conv_35,Relu_35,Conv_37,Relu_37,Concat_5,Conv_40,Relu_40,Conv_39,Relu_39,Conv_42,Relu_42,Conv_43,Relu_43,MaxPool_9,Conv_44,Relu_44,Conv_41,Relu_41,Concat_6,MaxPool_10,Conv_46,Relu_46,Conv_47,Conv_48,Relu_48,Conv_49,Relu_47,MaxPool_11,Conv_45,Conv_50,Relu_45,Relu_49,Relu_50,Concat_7,Conv_52,Conv_51,MaxPool_12,Conv_54,Relu_54,Conv_56,Conv_55,Relu_51,Relu_56,Relu_55,Relu_52,Conv_53,Relu_53,Concat_8,GlobalAveragePool_0,Flatten_0,Gemm_0,output
7,input,Conv_0,Relu_0,MaxPool_0,Conv_1,Relu_1,Conv_2,Relu_2,MaxPool_1,Conv_4,Conv_6,Relu_6,Conv_7,Relu_4,MaxPool_2,Relu_7,Conv_5,Conv_8,Relu_5,Relu_8,Conv_3,Relu_3,Concat_0,Conv_10,Relu_10,Conv_11,Conv_12,Relu_12,MaxPool_3,Conv_13,Conv_14,Relu_13,Conv_9,Relu_9,Relu_14,Relu_11,Concat_1,MaxPool_4,Conv_16,Relu_16,Conv_17,Conv_18,Conv_15,Relu_17,MaxPool_5,Relu_18,Conv_20,Relu_15,Relu_20,Conv_19,Relu_19,Concat_2,Conv_24,Relu_24,Conv_25,MaxPool_6,Conv_26,Relu_26,Conv_22,Relu_22,Conv_23,Relu_23,Relu_25,Conv_21,Relu_21,Concat_3,Conv_28,Relu_28,Conv_30,Conv_29,Relu_29,Relu_30,Conv_31,MaxPool_7,Relu_31,Conv_32,Conv_27,Relu_32,Relu_27,Concat_4,Conv_34,MaxPool_8,Conv_36,Relu_34,Conv_38,Conv_33,Relu_38,Relu_36,Relu_33,Conv_35,Conv_37,Relu_35,Relu_37,Concat_5,Conv_42,Relu_42,Conv_39,Conv_40,Conv_43,Relu_40,Conv_41,Relu_39,Relu_41,Relu_43,MaxPool_9,Conv_44,Relu_44,Concat_6,MaxPool_10,Conv_46,Relu_46,Conv_48,Conv_47,Relu_48,MaxPool_11,Conv_45,Conv_49,Relu_49,Relu_45,Relu_47,Conv_50,Relu_50,Concat_7,Conv_51,Conv_52,Relu_52,Relu_51,MaxPool_12,Conv_54,Conv_53,Relu_53,Relu_54,Conv_55,Relu_55,Conv_56,Relu_56,Concat_8,GlobalAveragePool_0,Flatten_0,Gemm_0,output
8,input,Conv_0,Relu_0,MaxPool_0,Conv_1,Relu_1,Conv_2,Relu_2,MaxPool_1,Conv_4,Conv_6,Relu_6,MaxPool_2,Conv_8,Conv_7,Conv_3,Relu_3,Relu_8,Relu_7,Relu_4,Conv_5,Relu_5,Concat_0,Conv_9,Relu_9,Conv_12,MaxPool_3,Relu_12,Conv_13,Relu_13,Conv_10,Conv_14,Relu_10,Relu_14,Conv_11,Relu_11,Concat_1,MaxPool_4,MaxPool_5,Conv_20,Conv_18,Relu_18,Conv_16,Relu_16,Conv_15,Conv_17,Relu_15,Conv_19,Relu_17,Relu_19,Relu_20,Concat_2,Conv_24,Conv_21,Relu_24,Conv_22,Relu_21,Conv_25,Relu_22,MaxPool_6,Relu_25,Conv_26,Conv_23,Relu_23,Relu_26,Concat_3,MaxPool_7,Conv_30,Conv_28,Conv_32,Relu_32,Conv_27,Relu_30,Conv_31,Relu_31,Relu_28,Conv_29,Relu_29,Relu_27,Concat_4,Conv_36,MaxPool_8,Conv_38,Conv_34,Relu_36,Conv_33,Relu_33,Conv_37,Relu_34,Relu_37,Relu_38,Conv_35,Relu_35,Concat_5,Conv_40,Conv_42,Relu_42,Conv_39,MaxPool_9,Conv_43,Relu_43,Relu_40,Conv_41,Relu_39,Relu_41,Conv_44,Relu_44,Concat_6,MaxPool_10,Conv_48,Conv_45,Relu_45,Relu_48,MaxPool_11,Conv_46,Conv_50,Relu_50,Conv_49,Relu_46,Relu_49,Conv_47,Relu_47,Concat_7,Conv_52,MaxPool_12,Conv_56,Conv_54,Relu_56,Relu_52,Relu_54,Conv_55,Relu_55,Conv_51,Conv_53,Relu_53,Relu_51,Concat_8,GlobalAveragePool_0,Flatten_0,Gemm_0,output
9,input,Conv_0,Relu_0,MaxPool_0,Conv_1,Relu_1,Conv_2,Relu_2,MaxPool_1,Conv_4,Conv_6,Relu_6,Relu_4,Conv_5,Conv_7,Relu_7,Relu_5,Conv_3,MaxPool_2,Conv_8,Relu_3,Relu_8,Concat_0,MaxPool_3,Conv_10,Relu_10,Conv_11,Conv_14,Conv_12,Relu_12,Relu_14,Conv_13,Conv_9,Relu_11,Relu_13,Relu_9,Concat_1,MaxPool_4,Conv_15,Conv_18,Relu_18,Conv_19,Conv_16,Relu_19,Relu_16,Relu_15,MaxPool_5,Conv_17,Conv_20,Relu_20,Relu_17,Concat_2,MaxPool_6,Conv_26,Conv_24,Relu_24,Conv_22,Relu_26,Conv_21,Relu_22,Conv_25,Conv_23,Relu_23,Relu_21,Relu_25,Concat_3,Conv_30,Relu_30,MaxPool_7,Conv_28,Conv_32,Relu_28,Conv_27,Conv_31,Conv_29,Relu_27,Relu_32,Relu_29,Relu_31,Concat_4,Conv_36,MaxPool_8,Conv_34,Relu_34,Relu_36,Conv_38,Conv_33,Conv_37,Relu_38,Relu_37,Conv_35,Relu_35,Relu_33,Concat_5,Conv_40,Relu_40,Conv_41,Conv_42,MaxPool_9,Conv_39,Relu_41,Conv_44,Relu_42,Relu_39,Relu_44,Conv_43,Relu_43,Concat_6,MaxPool_10,Conv_48,Conv_45,Conv_46,Relu_46,Conv_47,Relu_45,MaxPool_11,Relu_48,Conv_50,Conv_49,Relu_50,Relu_47,Relu_49,Concat_7,Conv_52,Conv_54,Conv_51,Relu_52,Conv_53,Relu_53,Relu_51,MaxPool_12,Relu_54,Conv_55,Relu_55,Conv_56,Relu_56,Concat_8,GlobalAveragePool_0,Flatten_0,Gemm_0,output
10,input,Conv_0,Relu_0,MaxPool_0,Conv_1,Relu_1,Conv_2,Relu_2,MaxPool_1,Conv_4,MaxPool_2,Conv_6,Relu_4,Relu_6,Conv_8,Conv_7,Conv_5,Relu_7,Relu_5,Conv_3,Relu_3,Relu_8,Concat_0,Conv_12,Relu_12,Conv_13,Relu_13,Conv_10,MaxPool_3,Conv_14,Relu_10,Relu_14,Conv_11,Relu_11,Conv_9,Relu_9,Concat_1,MaxPool_4,MaxPool_5,Conv_15,Conv_20,Conv_18,Relu_18,Relu_15,Conv_19,Relu_20,Conv_16,Relu_16,Relu_19,Conv_17,Relu_17,Concat_2,Conv_22,Conv_21,MaxPool_6,Relu_21,Conv_26,Relu_26,Conv_24,Relu_24,Relu_22,Conv_23,Conv_25,Relu_23,Relu_25,Concat_3,Conv_30,Relu_30,MaxPool_7,Conv_31,Conv_27,Conv_28,Relu_28,Relu_31,Conv_29,Relu_27,Conv_32,Relu_32,Relu_29,Concat_4,Conv_34,Conv_36,Relu_36,Relu_34,Conv_37,Conv_33,MaxPool_8,Relu_37,Conv_35,Conv_38,Relu_35,Relu_38,Relu_33,Concat_5,Conv_42,MaxPool_9,Conv_40,Relu_40,Conv_39,Conv_41,Conv_44,Relu_44,Relu_42,Conv_43,Relu_41,Relu_43,Relu_39,Concat_6,MaxPool_10,Conv_46,Relu_46,MaxPool_11,Conv_47,Conv_50,Conv_48,Relu_48,Conv_45,Relu_47,Relu_45,Conv_49,Relu_49,Relu_50,Concat_7,Conv_51,Conv_54,Conv_52,Relu_52,Conv_53,Relu_53,MaxPool_12,Conv_56,Relu_56,Relu_54,Conv_55,Relu_55,Relu_51,Concat_8,GlobalAveragePool_0,Flatten_0,Gemm_0,output
11,input,Conv_0,Relu_0,MaxPool_0,Conv_1,Relu_1,Conv_2,Relu_2,MaxPool_1,Conv_4,MaxPool_2,Conv_8,Relu_8,Relu_4,Conv_5,Conv_6,Relu_6,Relu_5,Conv_3,Conv_7,Relu_7,Relu_3,Concat_0,Conv_10,Conv_12,Relu_10,Conv_9,Conv_11,Relu_11,Relu_9,Relu_12,MaxPool_3,Conv_13,Relu_13,Conv_14,Relu_14,Concat_1,MaxPool_4,Conv_18,Relu_18,Conv_16,Conv_19,Relu_16,Conv_17,Conv_15,MaxPool_5,Conv_20,Relu_15,Relu_20,Relu_17,Relu_19,Concat_2,Conv_24,Relu_24,Conv_22,Conv_25,Conv_21,MaxPool_6,Conv_26,Relu_22,Relu_21,Conv_23,Relu_26,Relu_23,Relu_25,Concat_3,Conv_28,Relu_28,Conv_29,MaxPool_7,Conv_27,Conv_30,Relu_29,Relu_30,Conv_32,Relu_32,Relu_27,Conv_31,Relu_31,Concat_4,Conv_34,Relu_34,MaxPool_8,Conv_36,Conv_38,Conv_33,Relu_33,Relu_36,Relu_38,Conv_37,Relu_37,Conv_35,Relu_35,Concat_5,Conv_42,Conv_40,MaxPool_9,Relu_42,Relu_40,Conv_44,Conv_41,Relu_41,Relu_44,Conv_39,Conv_43,Relu_43,Relu_39,Concat_6,MaxPool_10,Conv_48,Conv_46,Conv_45,MaxPool_11,Relu_46,Conv_50,Relu_45,Relu_48,Relu_50,Conv_47,Relu_47,Conv_49,Relu_49,Concat_7,MaxPool_12,Conv_56,Conv_51,Conv_54,Conv_52,Relu_52,Conv_53,Relu_53,Relu_54,Relu_56,Conv_55,Relu_51,Relu_55,Concat_8,GlobalAveragePool_0,Flatten_0,Gemm_0,output
12,input,Conv_0,Relu_0,MaxPool_0,Conv_1,Relu_1,Conv_2,Relu_2,MaxPool_1,Conv_4,MaxPool_2,Relu_4,Conv_5,Conv_6,Relu_5,Relu_6,Conv_8,Relu_8,Conv_3,Relu_3,Conv_7,Relu_7,Concat_0,Conv_10,Relu_10,Conv_9,Conv_11,MaxPool_3,Conv_14,Relu_11,Conv_12,Relu_9,Relu_12,Relu_14,Conv_13,Relu_13,Concat_1,MaxPool_4,Conv_16,Conv_18,Relu_16,Conv_17,Relu_17,Relu_18,Conv_19,Conv_15,MaxPool_5,Relu_19,Conv_20,Relu_20,Relu_15,Concat_2,Conv_22,Relu_22,MaxPool_6,Conv_24,Relu_24,Conv_23,Conv_26,Relu_26,Conv_21,Conv_25,Relu_23,Relu_25,Relu_21,Concat_3,Conv_27,Relu_27,Conv_28,Conv_30,MaxPool_7,Relu_28,Relu_30,Conv_31,Relu_31,Conv_32,Relu_32,Conv_29,Relu_29,Concat_4,Conv_33,Conv_36,Relu_36,MaxPool_8,Relu_33,Conv_38,Relu_38,Conv_34,Conv_37,Relu_37,Relu_34,Conv_35,Relu_35,Concat_5,MaxPool_9,Conv_44,Relu_44,Conv_39,Conv_40,Relu_40,Conv_42,Conv_41,Relu_42,Conv_43,Relu_43,Relu_39,Relu_41,Concat_6,MaxPool_10,Conv_45,Conv_46,MaxPool_11,Relu_46,Conv_50,Relu_45,Relu_50,Conv_47,Relu_47,Conv_48,Relu_48,Conv_49,Relu_49,Concat_7,Conv_52,Conv_51,MaxPool_12,Relu_52,Conv_56,Conv_54,Relu_54,Relu_56,Conv_53,Relu_53,Relu_51,Conv_55,Relu_55,Concat_8,GlobalAveragePool_0,Flatten_0,Gemm_0,output
13,input,Conv_0,Relu_0,MaxPool_0,Conv_1,Relu_1,Conv_2,Relu_2,MaxPool_1,Conv_4,MaxPool_2,Relu_4,Conv_6,Conv_5,Relu_6,Relu_5,Conv_8,Conv_3,Conv_7,Relu_3,Relu_7,Relu_8,Concat_0,Conv_12,Relu_12,MaxPool_3,Conv_13,Relu_13,Conv_9,Conv_14,Relu_14,Relu_9,Conv_10,Relu_10,Conv_11,Relu_11,Concat_1,MaxPool_4,MaxPool_5,Conv_20,Conv_18,Relu_18,Conv_16,Relu_20,Relu_16,Conv_19,Conv_17,Relu_19,Conv_15,Relu_15,Relu_17,Concat_2,Conv_21,Conv_24,MaxPool_6,Relu_24,Conv_22,Conv_25,Conv_26,Relu_22,Relu_25,Conv_23,Relu_26,Relu_23,Relu_21,Concat_3,Conv_28,Relu_28,Conv_29,Conv_30,MaxPool_7,Relu_29,Conv_32,Conv_27,Relu_30,Conv_31,Relu_27,Relu_32,Relu_31,Concat_4,Conv_36,Relu_36,Conv_33,MaxPool_8,Conv_34,Conv_37,Relu_33,Relu_37,Relu_34,Conv_38,Conv_35,Relu_38,Relu_35,Concat_5,Conv_39,Relu_39,MaxPool_9,Conv_42,Relu_42,Conv_44,Conv_43,Relu_43,Conv_40,Relu_40,Conv_41,Relu_44,Relu_41,Concat_6,MaxPool_10,Conv_45,Conv_46,Conv_48,MaxPool_11,Relu_46,Conv_50,Relu_45,Conv_47,Relu_47,Relu_48,Conv_49,Relu_50,Relu_49,Concat_7,Conv_54,Conv_51,Relu_54,Conv_55,Conv_52,MaxPool_12,Relu_52,Relu_55,Relu_51,Conv_56,Conv_53,Relu_53,Relu_56,Concat_8,GlobalAveragePool_0,Flatten_0,Gemm_0,output
14,input,Conv_0,Relu_0,MaxPool_0,Conv_1,Relu_1,Conv_2,Relu_2,MaxPool_1,Conv_4,Relu_4,Conv_5,Conv_3,Conv_6,Relu_3,Relu_6,Conv_7,MaxPool_2,Conv_8,Relu_7,Relu_5,Relu_8,Concat_0,Conv_10,Conv_12,Relu_12,Conv_9,Relu_9,Conv_13,Relu_10,Conv_11,Relu_13,Relu_11,MaxPool_3,Conv_14,Relu_14,Concat_1,MaxPool_4,Conv_16,Relu_16,MaxPool_5,Conv_20,Conv_17,Conv_15,Relu_20,Relu_17,Conv_18,Relu_18,Conv_19,Relu_19,Relu_15,Concat_2,Conv_22,MaxPool_6,Conv_26,Conv_21,Relu_22,Conv_24,Relu_21,Relu_26,Conv_23,Relu_24,Conv_25,Relu_23,Relu_25,Concat_3,Conv_27,Relu_27,Conv_28,Conv_30,Relu_28,Conv_29,Relu_29,MaxPool_7,Conv_32,Relu_30,Conv_31,Relu_31,Relu_32,Concat_4,MaxPool_8,Conv_38,Conv_34,Relu_34,Relu_38,Conv_35,Conv_36,Conv_33,Relu_36,Conv_37,Relu_37,Relu_35,Relu_33,Concat_5,Conv_39,Conv_40,MaxPool_9,Conv_44,Relu_40,Conv_42,Relu_42,Conv_43,Relu_44,Relu_43,Relu_39,Conv_41,Relu_41,Concat_6,MaxPool_10,MaxPool_11,Conv_46,Conv_45,Conv_48,Relu_45,Conv_50,Relu_48,Relu_46,Conv_49,Relu_50,Conv_47,Relu_49,Relu_47,Concat_7,Conv_51,Conv_52,MaxPool_12,Relu_52,Relu_51,Conv_56,Relu_56,Conv_54,Conv_53,Relu_54,Conv_55,Relu_53,Relu_55,Concat_8,GlobalAveragePool_0,Flatten_0,Gemm_0,output
15,input,Conv_0,Relu_0,MaxPool_0,Conv_1,Relu_1,Conv_2,Relu_2,MaxPool_1,Conv_4,Relu_4,Conv_5,Conv_3,MaxPool_2,Relu_3,Conv_6,Conv_8,Relu_6,Relu_8,Relu_5,Conv_7,Relu_7,Concat_0,Conv_9,Conv_10,Relu_10,Relu_9,MaxPool_3,Conv_11,Conv_12,Conv_14,Relu_14,Relu_12,Relu_11,Conv_13,Relu_13,Concat_1,MaxPool_4,Conv_15,Relu_15,Conv_18,Relu_18,Conv_16,MaxPool_5,Conv_20,Relu_20,Conv_19,Relu_19,Relu_16,Conv_17,Relu_17,Concat_2,Conv_22,Relu_22,MaxPool_6,Conv_26,Relu_26,Conv_23,Conv_24,Relu_24,Conv_25,Conv_21,Relu_23,Relu_21,Relu_25,Concat_3,Conv_28,Conv_30,Conv_27,Relu_28,MaxPool_7,Conv_32,Conv_29,Relu_27,Relu_32,Relu_29,Relu_30,Conv_31,Relu_31,Concat_4,MaxPool_8,Conv_34,Conv_38,Relu_34,Relu_38,Conv_36,Relu_36,Conv_37,Relu_37,Conv_33,Relu_33,Conv_35,Relu_35,Concat_5,Conv_40,MaxPool_9,Conv_44,Relu_40,Conv_42,Conv_39,Relu_42,Conv_41,Conv_43,Relu_41,Relu_39,Relu_44,Relu_43,Concat_6,MaxPool_10,Conv_48,MaxPool_11,Relu_48,Conv_49,Relu_49,Conv_46,Relu_46,Conv_50,Conv_47,Conv_45,Relu_45,Relu_47,Relu_50,Concat_7,Conv_52,MaxPool_12,Conv_51,Conv_56,Relu_52,Relu_51,Conv_54,Relu_56,Relu_54,Conv_55,Conv_53,Relu_53,Relu_55,Concat_8,GlobalAveragePool_0,Flatten_0,Gemm_0,output
16,input,Conv_0,Relu_0,MaxPool_0,Conv_1,Relu_1,Conv_2,Relu_2,MaxPool_1,Conv_4,Relu_4,Conv_5,Conv_6,MaxPool_2,Conv_8,Relu_6,Relu_5,Conv_7,Conv_3,Relu_8,Relu_7,Relu_3,Concat_0,Conv_12,Relu_12,Conv_9,Conv_13,Conv_10,Relu_10,Conv_11,MaxPool_3,Relu_11,Conv_14,Relu_13,Relu_9,Relu_14,Concat_1,MaxPool_4,Conv_18,Relu_18,Conv_19,Conv_16,Relu_16,MaxPool_5,Conv_17,Conv_20,Relu_19,Relu_17,Relu_20,Conv_15,Relu_15,Concat_2,Conv_24,Conv_22,Relu_22,MaxPool_6,Conv_26,Conv_21,Relu_21,Relu_24,Relu_26,Conv_25,Conv_23,Relu_25,Relu_23,Concat_3,Conv_30,Relu_30,Conv_31,Relu_31,MaxPool_7,Conv_27,Conv_32,Relu_32,Conv_28,Relu_28,Conv_29,Relu_29,Relu_27,Concat_4,Conv_36,Conv_34,MaxPool_8,Conv_38,Conv_33,Relu_34,Relu_33,Relu_36,Conv_37,Conv_35,Relu_35,Relu_37,Relu_38,Concat_5,MaxPool_9,Conv_40,Conv_44,Relu_40,Conv_41,Conv_39,Relu_39,Relu_41,Relu_44,Conv_42,Relu_42,Conv_43,Relu_43,Concat_6,MaxPool_10,Conv_46,Relu_46,MaxPool_11,Conv_47,Relu_47,Conv_45,Relu_45,Conv_50,Conv_48,Relu_48,Conv_49,Relu_49,Relu_50,Concat_7,MaxPool_12,Conv_56,Conv_52,Conv_51,Conv_54,Relu_54,Relu_56,Relu_51,Conv_55,Relu_52,Relu_55,Conv_53,Relu_53,Concat_8,GlobalAveragePool_0,Flatten_0,Gemm_0,output
17,input,Conv_0,Relu_0,MaxPool_0,Conv_1,Relu_1,Conv_2,Relu_2,MaxPool_1,Conv_4,Relu_4,Conv_5,Relu_5,Conv_6,Relu_6,MaxPool_2,Conv_7,Conv_3,Conv_8,Relu_7,Relu_8,Relu_3,Concat_0,Conv_9,Conv_12,Relu_12,Conv_13,MaxPool_3,Relu_9,Conv_14,Conv_10,Relu_10,Conv_11,Relu_11,Relu_14,Relu_13,Concat_1,MaxPool_4,Conv_18,MaxPool_5,Relu_18,Conv_20,Conv_15,Relu_20,Relu_15,Conv_19,Relu_19,Conv_16,Relu_16,Conv_17,Relu_17,Concat_2,Conv_22,MaxPool_6,Conv_26,Conv_21,Conv_24,Relu_21,Relu_24,Conv_25,Relu_22,Relu_26,Conv_23,Relu_23,Relu_25,Concat_3,MaxPool_7,Conv_27,Relu_27,Conv_30,Conv_28,Conv_32,Relu_30,Relu_28,Relu_32,Conv_31,Conv_29,Relu_29,Relu_31,Concat_4,Conv_36,Relu_36,Conv_34,Relu_34,Conv_35,Conv_37,Relu_37,Relu_35,MaxPool_8,Conv_38,Relu_38,Conv_33,Relu_33,Concat_5,Conv_40,MaxPool_9,Conv_42,Relu_40,Conv_44,Relu_44,Conv_41,Relu_41,Relu_42,Conv_39,Conv_43,Relu_43,Relu_39,Concat_6,MaxPool_10,MaxPool_11,Conv_46,Conv_48,Relu_48,Conv_45,Conv_49,Relu_45,Relu_46,Conv_47,Relu_49,Conv_50,Relu_50,Relu_47,Concat_7,Conv_51,Conv_52,Relu_52,MaxPool_12,Conv_54,Conv_53,Relu_54,Conv_55,Relu_51,Relu_55,Conv_56,Relu_53,Relu_56,Concat_8,GlobalAveragePool_0,Flatten_0,Gemm_0,output
18,input,Conv_0,Relu_0,MaxPool_0,Conv_1,Relu_1,Conv_2,Relu_2,MaxPool_1,Conv_4,Relu_4,Conv_5,Relu_5,MaxPool_2,Conv_6,Conv_3,Conv_8,Relu_6,Relu_8,Relu_3,Conv_7,Relu_7,Concat_0,Conv_9,Conv_12,Relu_12,Conv_13,Relu_13,Conv_10,MaxPool_3,Relu_9,Relu_10,Conv_11,Conv_14,Relu_11,Relu_14,Concat_1,MaxPool_4,Conv_15,Conv_18,Conv_16,Relu_18,Relu_15,MaxPool_5,Conv_19,Relu_16,Conv_20,Conv_17,Relu_17,Relu_19,Relu_20,Concat_2,Conv_21,Conv_24,Conv_22,Relu_21,Relu_22,Relu_24,Conv_25,Relu_25,Conv_23,MaxPool_6,Conv_26,Relu_26,Relu_23,Concat_3,MaxPool_7,Conv_28,Conv_32,Conv_30,Conv_27,Relu_28,Relu_32,Relu_27,Relu_30,Conv_31,Conv_29,Relu_31,Relu_29,Concat_4,MaxPool_8,Conv_36,Conv_34,Conv_38,Relu_36,Conv_33,Relu_38,Conv_37,Relu_37,Relu_33,Relu_34,Conv_35,Relu_35,Concat_5,MaxPool_9,Conv_44,Relu_44,Conv_40,Conv_42,Relu_42,Conv_43,Conv_39,Relu_39,Relu_43,Relu_40,Conv_41,Relu_41,Concat_6,MaxPool_10,MaxPool_11,Conv_48,Relu_48,Conv_46,Conv_45,Relu_46,Conv_47,Conv_50,Relu_47,Relu_50,Conv_49,Relu_49,Relu_45,Concat_7,Conv_51,Conv_52,Conv_54,Relu_51,Relu_54,MaxPool_12,Conv_56,Relu_52,Conv_53,Conv_55,Relu_56,Relu_55,Relu_53,Concat_8,GlobalAveragePool_0,Flatten_0,Gemm_0,output
19,input,Conv_0,Relu_0,MaxPool_0,Conv_1,Relu_1,Conv_2,Relu_2,MaxPool_1,Conv_4,Relu_4,Conv_5,Relu_5,MaxPool_2,Conv_6,Conv_8,Relu_8,Relu_6,Conv_7,Conv_3,Relu_7,Relu_3,Concat_0,Conv_10,Relu_10,Conv_12,Conv_9,Relu_9,MaxPool_3,Conv_14,Relu_14,Conv_11,Relu_12,Conv_13,Relu_13,Relu_11,Concat_1,MaxPool_4,Conv_16,Relu_16,MaxPool_5,Conv_20,Conv_17,Conv_15,Conv_18,Relu_18,Conv_19,Relu_20,Relu_19,Relu_17,Relu_15,Concat_2,Conv_24,Relu_24,Conv_25,Conv_22,MaxPool_6,Relu_22,Conv_21,Conv_23,Relu_25,Relu_21,Conv_26,Relu_26,Relu_23,Concat_3,MaxPool_7,Conv_27,Conv_32,Conv_28,Relu_27,Relu_32,Relu_28,Conv_29,Relu_29,Conv_30,Relu_30,Conv_31,Relu_31,Concat_4,MaxPool_8,Conv_38,Conv_36,Relu_36,Conv_37,Conv_34,Relu_34,Conv_35,Relu_37,Relu_35,Relu_38,Conv_33,Relu_33,Concat_5,Conv_42,Relu_42,Conv_43,Conv_40,Relu_43,Relu_40,Conv_41,Conv_39,Relu_39,MaxPool_9,Relu_41,Conv_44,Relu_44,Concat_6,MaxPool_10,MaxPool_11,Conv_50,Conv_45,Conv_46,Relu_45,Relu_46,Conv_48,Relu_48,Conv_49,Conv_47,Relu_49,Relu_50,Relu_47,Concat_7,MaxPool_12,Conv_52,Conv_51,Relu_52,Relu_51,Conv_53,Relu_53,Conv_54,Relu_54,Conv_55,Relu_55,Conv_56,Relu_56,Concat_8,GlobalAveragePool_0,Flatten_0,Gemm_0,output
20,input,Conv_0,Relu_0,MaxPool_0,Conv_1,Relu_1,Conv_2,Relu_2,MaxPool_1,Conv_4,Relu_4,Conv_5,Relu_5,MaxPool_2,Conv_8,Conv_6,Relu_6,Conv_7,Relu_7,Conv_3,Relu_3,Relu_8,Concat_0,Conv_10,Relu_10,Conv_11,Relu_11,Conv_12,MaxPool_3,Relu_12,Conv_14,Conv_13,Relu_14,Conv_9,Relu_13,Relu_9,Concat_1,MaxPool_4,Conv_16,Relu_16,Conv_17,Relu_17,Conv_18,Conv_15,MaxPool_5,Conv_20,Relu_18,Relu_15,Conv_19,Relu_20,Relu_19,Concat_2,Conv_22,MaxPool_6,Relu_22,Conv_26,Conv_21,Conv_24,Relu_24,Relu_21,Conv_23,Relu_23,Conv_25,Relu_25,Relu_26,Concat_3,Conv_30,Relu_30,Conv_31,Conv_28,Conv_27,Relu_31,Relu_28,Relu_27,MaxPool_7,Conv_29,Conv_32,Relu_29,Relu_32,Concat_4,Conv_36,Conv_34,Relu_34,Conv_35,Conv_33,MaxPool_8,Relu_35,Relu_33,Conv_38,Relu_36,Conv_37,Relu_38,Relu_37,Concat_5,Conv_39,Relu_39,MaxPool_9,Conv_44,Relu_44,Conv_42,Relu_42,Conv_40,Relu_40,Conv_41,Relu_41,Conv_43,Relu_43,Concat_6,MaxPool_10,MaxPool_11,Conv_50,Conv_45,Conv_48,Relu_50,Conv_46,Relu_48,Conv_49,Relu_45,Relu_46,Conv_47,Relu_47,Relu_49,Concat_7,Conv_54,MaxPool_12,Relu_54,Conv_51,Conv_56,Conv_55,Conv_52,Relu_52,Relu_55,Relu_56,Relu_51,Conv_53,Relu_53,Concat_8,GlobalAveragePool_0,Flatten_0,Gemm_0,output
21,input,Conv_0,Relu_0,MaxPool_0,Conv_1,Relu_1,Conv_2,Relu_2,MaxPool_1,Conv_4,Relu_4,Conv_6,Conv_5,Relu_5,Relu_6,MaxPool_2,Conv_8,Conv_3,Conv_7,Relu_8,Relu_3,Relu_7,Concat_0,Conv_10,Relu_10,MaxPool_3,Conv_12,Relu_12,Conv_11,Conv_9,Conv_14,Relu_9,Conv_13,Relu_11,Relu_14,Relu_13,Concat_1,MaxPool_4,Conv_16,Relu_16,Conv_17,Conv_15,MaxPool_5,Conv_20,Relu_17,Relu_15,Conv_18,Relu_18,Conv_19,Relu_20,Relu_19,Concat_2,MaxPool_6,Conv_22,Conv_21,Relu_22,Conv_23,Conv_26,Conv_24,Relu_24,Relu_26,Relu_23,Conv_25,Relu_25,Relu_21,Concat_3,Conv_28,Conv_30,MaxPool_7,Relu_30,Relu_28,Conv_32,Conv_29,Conv_27,Conv_31,Relu_29,Relu_31,Relu_27,Relu_32,Concat_4,Conv_36,Relu_36,Conv_37,Conv_34,MaxPool_8,Conv_38,Conv_33,Relu_38,Relu_33,Relu_34,Conv_35,Relu_35,Relu_37,Concat_5,MaxPool_9,Conv_44,Conv_40,Conv_42,Conv_39,Relu_40,Conv_41,Relu_44,Relu_42,Relu_39,Conv_43,Relu_41,Relu_43,Concat_6,MaxPool_10,Conv_48,MaxPool_11,Relu_48,Conv_46,Conv_50,Conv_45,Relu_46,Conv_49,Relu_45,Relu_49,Relu_50,Conv_47,Relu_47,Concat_7,Conv_54,Relu_54,Conv_55,Conv_52,Relu_52,MaxPool_12,Relu_55,Conv_51,Relu_51,Conv_56,Relu_56,Conv_53,Relu_53,Concat_8,GlobalAveragePool_0,Flatten_0,Gemm_0,output
22,input,Conv_0,Relu_0,MaxPool_0,Conv_1,Relu_1,Conv_2,Relu_2,MaxPool_1,Conv_4,Relu_4,Conv_6,Conv_5,Relu_6,Conv_7,MaxPool_2,Relu_7,Conv_8,Relu_8,Conv_3,Relu_3,Relu_5,Concat_0,Conv_10,Conv_12,Relu_12,Relu_10,Conv_13,Conv_11,MaxPool_3,Conv_14,Relu_14,Conv_9,Relu_9,Relu_13,Relu_11,Concat_1,MaxPool_4,MaxPool_5,Conv_16,Conv_18,Relu_18,Conv_20,Relu_16,Conv_17,Conv_19,Conv_15,Relu_20,Relu_19,Relu_15,Relu_17,Concat_2,Conv_22,Conv_24,Relu_24,MaxPool_6,Relu_22,Conv_25,Conv_26,Conv_23,Relu_25,Relu_23,Relu_26,Conv_21,Relu_21,Concat_3,MaxPool_7,Conv_28,Relu_28,Conv_29,Conv_30,Conv_32,Relu_30,Relu_32,Relu_29,Conv_31,Relu_31,Conv_27,Relu_27,Concat_4,Conv_33,Conv_34,MaxPool_8,Conv_36,Relu_36,Conv_37,Relu_33,Relu_34,Conv_35,Relu_37,Conv_38,Relu_38,Relu_35,Concat_5,Conv_40,Conv_42,Conv_39,Relu_39,MaxPool_9,Relu_42,Relu_40,Conv_44,Conv_43,Conv_41,Relu_41,Relu_44,Relu_43,Concat_6,MaxPool_10,Conv_45,MaxPool_11,Conv_50,Relu_50,Conv_46,Relu_46,Conv_47,Conv_48,Relu_47,Relu_48,Relu_45,Conv_49,Relu_49,Concat_7,Conv_54,MaxPool_12,Conv_52,Conv_51,Relu_51,Relu_54,Conv_56,Relu_56,Conv_55,Relu_55,Relu_52,Conv_53,Relu_53,Concat_8,GlobalAveragePool_0,Flatten_0,Gemm_0,output
23,input,Conv_0,Relu_0,MaxPool_0,Conv_1,Relu_1,Conv_2,Relu_2,MaxPool_1,Conv_4,Relu_4,Conv_6,Conv_5,Relu_6,MaxPool_2,Conv_7,Conv_3,Relu_3,Relu_7,Relu_5,Conv_8,Relu_8,Concat_0,Conv_12,Relu_12,Conv_13,Conv_10,Relu_10,Conv_11,Relu_13,Relu_11,Conv_9,MaxPool_3,Conv_14,Relu_9,Relu_14,Concat_1,MaxPool_4,Conv_15,Conv_18,Relu_18,Conv_19,Relu_19,Conv_16,MaxPool_5,Conv_20,Relu_20,Relu_15,Relu_16,Conv_17,Relu_17,Concat_2,Conv_21,MaxPool_6,Conv_24,Conv_22,Relu_22,Relu_21,Conv_23,Relu_24,Conv_25,Relu_23,Relu_25,Conv_26,Relu_26,Concat_3,Conv_28,MaxPool_7,Conv_27,Relu_28,Conv_29,Relu_29,Conv_32,Conv_30,Relu_30,Conv_31,Relu_27,Relu_31,Relu_32,Concat_4,Conv_33,Conv_34,Conv_36,Relu_33,Relu_36,Conv_37,Relu_37,Relu_34,MaxPool_8,Conv_38,Conv_35,Relu_35,Relu_38,Concat_5,Conv_40,Relu_40,Conv_39,Relu_39,Conv_41,Conv_42,Relu_41,MaxPool_9,Relu_42,Conv_43,Conv_44,Relu_43,Relu_44,Concat_6,MaxPool_10,MaxPool_11,Conv_45,Conv_46,Conv_50,Relu_50,Conv_48,Relu_48,Relu_46,Relu_45,Conv_47,Relu_47,Conv_49,Relu_49,Concat_7,Conv_52,Conv_51,Relu_52,Relu_51,Conv_53,MaxPool_12,Relu_53,Conv_54,Relu_54,Conv_55,Conv_56,Relu_55,Relu_56,Concat_8,GlobalAveragePool_0,Flatten_0,Gemm_0,output
24,input,Conv_0,Relu_0,MaxPool_0,Conv_1,Relu_1,Conv_2,Relu_2,MaxPool_1,Conv_6,Conv_3,MaxPool_2,Relu_3,Conv_4,Relu_6,Relu_4,Conv_5,Conv_7,Relu_5,Conv_8,Relu_7,Relu_8,Concat_0,Conv_12,Conv_10,Relu_10,Conv_11,Relu_12,MaxPool_3,Conv_13,Conv_14,Relu_14,Relu_11,Relu_13,Conv_9,Relu_9,Concat_1,MaxPool_4,Conv_16,Conv_18,Conv_15,Relu_18,Relu_16,MaxPool_5,Conv_20,Relu_15,Relu_20,Conv_19,Relu_19,Conv_17,Relu_17,Concat_2,Conv_24,Relu_24,MaxPool_6,Conv_26,Conv_22,Relu_22,Conv_23,Conv_21,Conv_25,Relu_21,Relu_25,Relu_26,Relu_23,Concat_3,Conv_27,Conv_28,Conv_30,Relu_28,Conv_29,Relu_30,Conv_31,Relu_27,MaxPool_7,Relu_29,Relu_31,Conv_32,Relu_32,Concat_4,Conv_34,Relu_34,Conv_36,Relu_36,Conv_37,Conv_35,Relu_35,Relu_37,MaxPool_8,Conv_38,Conv_33,Relu_33,Relu_38,Concat_5,Conv_42,Relu_42,Conv_40,Conv_43,Conv_39,Relu_39,Relu_40,Relu_43,MaxPool_9,Conv_44,Conv_41,Relu_44,Relu_41,Concat_6,MaxPool_10,Conv_48,Conv_46,Conv_45,Relu_48,Relu_45,MaxPool_11,Conv_49,Relu_49,Conv_50,Relu_46,Conv_47,Relu_47,Relu_50,Concat_7,Conv_51,Conv_54,Relu_54,MaxPool_12,Conv_52,Conv_55,Conv_56,Relu_51,Relu_56,Relu_52,Conv_53,Relu_53,Relu_55,Concat_8,GlobalAveragePool_0,Flatten_0,Gemm_0,output
25,input,Conv_0,Relu_0,MaxPool_0,Conv_1,Relu_1,Conv_2,Relu_2,MaxPool_1,Conv_6,Conv_3,MaxPool_2,Relu_6,Conv_8,Conv_7,Conv_4,Relu_4,Relu_7,Conv_5,Relu_3,Relu_5,Relu_8,Concat_0,MaxPool_3,Conv_14,Relu_14,Conv_10,Conv_12,Relu_10,Conv_11,Relu_12,Conv_13,Conv_9,Relu_11,Relu_9,Relu_13,Concat_1,MaxPool_4,Conv_18,MaxPool_5,Conv_20,Relu_18,Conv_19,Conv_15,Relu_19,Conv_16,Relu_20,Relu_16,Conv_17,Relu_17,Relu_15,Concat_2,Conv_22,Conv_24,Relu_24,Relu_22,Conv_25,Conv_23,Relu_25,MaxPool_6,Conv_26,Conv_21,Relu_23,Relu_21,Relu_26,Concat_3,Conv_28,Relu_28,Conv_29,Conv_27,Conv_30,Relu_30,Conv_31,Relu_31,Relu_29,MaxPool_7,Conv_32,Relu_27,Relu_32,Concat_4,Conv_36,Relu_36,Conv_33,Conv_37,Relu_37,Conv_34,Relu_34,Conv_35,Relu_33,Relu_35,MaxPool_8,Conv_38,Relu_38,Concat_5,Conv_40,Relu_40,Conv_41,Conv_42,Relu_42,Conv_43,Conv_39,MaxPool_9,Relu_43,Relu_39,Conv_44,Relu_41,Relu_44,Concat_6,MaxPool_10,Conv_46,Relu_46,Conv_47,Relu_47,Conv_45,MaxPool_11,Conv_50,Relu_50,Conv_48,Relu_45,Relu_48,Conv_49,Relu_49,Concat_7,Conv_52,Conv_54,Relu_54,Conv_55,Conv_51,MaxPool_12,Conv_56,Relu_52,Conv_53,Relu_56,Relu_55,Relu_53,Relu_51,Concat_8,GlobalAveragePool_0,Flatten_0,Gemm_0,output
26,input,Conv_0,Relu_0,MaxPool_0,Conv_1,Relu_1,Conv_2,Relu_2,MaxPool_1,Conv_6,Conv_3,Relu_6,Conv_4,Relu_4,MaxPool_2,Conv_8,Relu_3,Relu_8,Conv_7,Relu_7,Conv_5,Relu_5,Concat_0,Conv_12,MaxPool_3,Relu_12,Conv_14,Relu_14,Conv_13,Relu_13,Conv_9,Relu_9,Conv_10,Relu_10,Conv_11,Relu_11,Concat_1,MaxPool_4,Conv_16,MaxPool_5,Conv_20,Conv_18,Relu_18,Conv_19,Relu_16,Conv_17,Relu_20,Relu_17,Relu_19,Conv_15,Relu_15,Concat_2,Conv_22,Relu_22,MaxPool_6,Conv_26,Conv_23,Conv_24,Relu_23,Relu_26,Relu_24,Conv_25,Conv_21,Relu_21,Relu_25,Concat_3,Conv_30,Relu_30,Conv_31,MaxPool_7,Relu_31,Conv_28,Relu_28,Conv_32,Relu_32,Conv_27,Conv_29,Relu_27,Relu_29,Concat_4,Conv_36,MaxPool_8,Conv_34,Relu_34,Conv_33,Relu_36,Conv_35,Conv_38,Relu_33,Relu_35,Relu_38,Conv_37,Relu_37,Concat_5,Conv_42,MaxPool_9,Conv_44,Conv_40,Relu_40,Conv_41,Relu_42,Conv_43,Relu_44,Relu_43,Conv_39,Relu_39,Relu_41,Concat_6,MaxPool_10,Conv_46,Relu_46,Conv_48,MaxPool_11,Conv_47,Conv_50,Relu_48,Conv_49,Relu_50,Conv_45,Relu_47,Relu_45,Relu_49,Concat_7,Conv_54,Relu_54,Conv_52,Relu_52,Conv_53,Conv_55,MaxPool_12,Relu_53,Relu_55,Conv_51,Relu_51,Conv_56,Relu_56,Concat_8,GlobalAveragePool_0,Flatten_0,Gemm_0,output
27,input,Conv_0,Relu_0,MaxPool_0,Conv_1,Relu_1,Conv_2,Relu_2,MaxPool_1,Conv_6,Conv_4,Conv_3,MaxPool_2,Relu_4,Conv_5,Conv_8,Relu_5,Relu_3,Relu_6,Conv_7,Relu_8,Relu_7,Concat_0,Conv_12,MaxPool_3,Relu_12,Conv_9,Conv_10,Conv_14,Relu_10,Relu_14,Conv_13,Relu_13,Conv_11,Relu_11,Relu_9,Concat_1,MaxPool_4,Conv_16,Conv_18,Relu_18,Conv_15,MaxPool_5,Conv_19,Relu_15,Relu_19,Relu_16,Conv_20,Conv_17,Relu_17,Relu_20,Concat_2,Conv_22,Conv_24,MaxPool_6,Relu_24,Conv_21,Relu_22,Conv_25,Conv_23,Relu_23,Relu_25,Relu_21,Conv_26,Relu_26,Concat_3,Conv_27,MaxPool_7,Conv_28,Relu_28,Relu_27,Conv_30,Conv_29,Conv_32,Relu_32,Relu_30,Conv_31,Relu_29,Relu_31,Concat_4,Conv_36,Conv_34,Relu_36,Conv_33,Relu_33,Relu_34,Conv_35,Relu_35,Conv_37,Relu_37,MaxPool_8,Conv_38,Relu_38,Concat_5,Conv_39,Conv_40,Conv_42,Relu_40,Relu_42,Conv_43,Relu_43,MaxPool_9,Relu_39,Conv_41,Conv_44,Relu_44,Relu_41,Concat_6,MaxPool_10,Conv_46,MaxPool_11,Conv_48,Conv_45,Relu_48,Relu_45,Conv_49,Relu_49,Conv_50,Relu_46,Relu_50,Conv_47,Relu_47,Concat_7,Conv_54,MaxPool_12,Conv_52,Conv_51,Relu_51,Relu_52,Relu_54,Conv_53,Conv_55,Relu_53,Conv_56,Relu_56,Relu_55,Concat_8,GlobalAveragePool_0,Flatten_0,Gemm_0,output
28,input,Conv_0,Relu_0,MaxPool_0,Conv_1,Relu_1,Conv_2,Relu_2,MaxPool_1,Conv_6,Conv_4,Conv_3,MaxPool_2,Relu_4,Relu_6,Conv_7,Conv_8,Relu_3,Relu_8,Conv_5,Relu_7,Relu_5,Concat_0,Conv_10,Conv_9,Relu_9,Relu_10,Conv_11,Conv_12,MaxPool_3,Conv_14,Relu_12,Relu_14,Conv_13,Relu_13,Relu_11,Concat_1,MaxPool_4,Conv_16,MaxPool_5,Relu_16,Conv_18,Relu_18,Conv_17,Conv_15,Conv_19,Relu_17,Relu_15,Relu_19,Conv_20,Relu_20,Concat_2,Conv_22,Relu_22,Conv_24,Conv_21,Relu_24,Conv_23,Relu_21,Relu_23,MaxPool_6,Conv_25,Conv_26,Relu_25,Relu_26,Concat_3,Conv_30,Relu_30,Conv_28,Relu_28,Conv_31,Conv_29,Relu_29,MaxPool_7,Conv_32,Relu_32,Conv_27,Relu_31,Relu_27,Concat_4,MaxPool_8,Conv_38,Conv_34,Conv_36,Relu_36,Conv_33,Relu_34,Conv_35,Relu_38,Conv_37,Relu_35,Relu_33,Relu_37,Concat_5,Conv_42,Relu_42,Conv_43,Conv_40,Relu_40,Conv_41,Conv_39,MaxPool_9,Relu_41,Conv_44,Relu_39,Relu_43,Relu_44,Concat_6,MaxPool_10,Conv_48,MaxPool_11,Conv_45,Conv_50,Relu_45,Conv_46,Relu_48,Conv_49,Relu_46,Conv_47,Relu_50,Relu_47,Relu_49,Concat_7,MaxPool_12,Conv_56,Relu_56,Conv_52,Relu_52,Conv_54,Relu_54,Conv_55,Relu_55,Conv_53,Conv_51,Relu_53,Relu_51,Concat_8,GlobalAveragePool_0,Flatten_0,Gemm_0,output
29,input,Conv_0,Relu_0,MaxPool_0,Conv_1,Relu_1,Conv_2,Relu_2,MaxPool_1,Conv_6,Conv_4,Conv_3,Relu_3,MaxPool_2,Relu_4,Relu_6,Conv_8,Conv_7,Conv_5,Relu_8,Relu_5,Relu_7,Concat_0,MaxPool_3,Conv_12,Conv_10,Relu_10,Conv_11,Conv_14,Relu_11,Conv_9,Relu_12,Relu_14,Relu_9,Conv_13,Relu_13,Concat_1,MaxPool_4,Conv_15,Relu_15,Conv_18,Relu_18,Conv_16,Conv_19,Relu_19,MaxPool_5,Relu_16,Conv_20,Conv_17,Relu_17,Relu_20,Concat_2,Conv_21,Relu_21,Conv_22,Conv_24,Relu_22,Conv_23,Relu_24,MaxPool_6,Relu_23,Conv_25,Relu_25,Conv_26,Relu_26,Concat_3,Conv_30,Relu_30,Conv_28,Conv_31,Conv_27,Relu_27,Relu_31,MaxPool_7,Conv_32,Relu_28,Relu_32,Conv_29,Relu_29,Concat_4,Conv_34,MaxPool_8,Relu_34,Conv_35,Conv_38,Relu_35,Relu_38,Conv_36,Relu_36,Conv_37,Relu_37,Conv_33,Relu_33,Concat_5,MaxPool_9,Conv_42,Conv_44,Relu_42,Conv_39,Relu_39,Relu_44,Conv_43,Relu_43,Conv_40,Relu_40,Conv_41,Relu_41,Concat_6,MaxPool_10,Conv_46,Conv_48,Conv_45,Relu_46,Relu_45,Relu_48,MaxPool_11,Conv_50,Conv_49,Conv_47,Relu_49,Relu_47,Relu_50,Concat_7,Conv_51,Conv_52,Conv_54,MaxPool_12,Relu_51,Conv_56,Relu_52,Conv_53,Relu_56,Relu_53,Relu_54,Conv_55,Relu_55,Concat_8,GlobalAveragePool_0,Flatten_0,Gemm_0,output
30,input,Conv_0,Relu_0,MaxPool_0,Conv_1,Relu_1,Conv_2,Relu_2,MaxPool_1,Conv_6,Conv_4,Relu_6,Relu_4,Conv_5,Conv_7,Relu_5,Relu_7,Conv_3,MaxPool_2,Conv_8,Relu_8,Relu_3,Concat_0,Conv_10,Relu_10,Conv_11,MaxPool_3,Conv_9,Conv_12,Conv_14,Relu_12,Relu_11,Conv_13,Relu_13,Relu_14,Relu_9,Concat_1,MaxPool_4,Conv_18,Relu_18,MaxPool_5,Conv_19,Conv_16,Relu_16,Conv_17,Conv_20,Conv_15,Relu_15,Relu_19,Relu_17,Relu_20,Concat_2,MaxPool_6,Conv_21,Conv_22,Conv_24,Relu_22,Conv_26,Relu_24,Relu_26,Conv_25,Conv_23,Relu_23,Relu_21,Relu_25,Concat_3,Conv_28,Conv_27,Relu_27,Relu_28,MaxPool_7,Conv_32,Conv_30,Relu_32,Conv_29,Relu_30,Relu_29,Conv_31,Relu_31,Concat_4,Conv_36,MaxPool_8,Conv_33,Relu_33,Conv_38,Relu_38,Conv_34,Relu_34,Relu_36,Conv_37,Conv_35,Relu_35,Relu_37,Concat_5,Conv_39,MaxPool_9,Conv_40,Conv_42,Relu_42,Conv_43,Conv_44,Relu_44,Relu_39,Relu_40,Conv_41,Relu_41,Relu_43,Concat_6,MaxPool_10,MaxPool_11,Conv_45,Relu_45,Conv_50,Conv_48,Conv_46,Relu_48,Conv_49,Relu_50,Relu_49,Relu_46,Conv_47,Relu_47,Concat_7,MaxPool_12,Conv_52,Conv_54,Conv_56,Relu_54,Relu_52,Relu_56,Conv_55,Relu_55,Conv_51,Conv_53,Relu_51,Relu_53,Concat_8,GlobalAveragePool_0,Flatten_0,Gemm_0,output
31,input,Conv_0,Relu_0,MaxPool_0,Conv_1,Relu_1,Conv_2,Relu_2,MaxPool_1,Conv_6,Conv_4,Relu_6,Relu_4,Conv_5,Relu_5,MaxPool_2,Conv_7,Conv_8,Relu_7,Conv_3,Relu_3,Relu_8,Concat_0,Conv_12,Relu_12,Conv_10,Conv_13,Relu_13,Relu_10,MaxPool_3,Conv_9,Conv_11,Relu_9,Relu_11,Conv_14,Relu_14,Concat_1,MaxPool_4,MaxPool_5,Conv_18,Relu_18,Conv_19,Conv_16,Relu_16,Relu_19,Conv_20,Conv_17,Relu_20,Relu_17,Conv_15,Relu_15,Concat_2,Conv_24,Relu_24,Conv_22,Relu_22,Conv_25,MaxPool_6,Conv_21,Conv_26,Relu_25,Relu_26,Conv_23,Relu_21,Relu_23,Concat_3,Conv_30,Relu_30,Conv_28,Conv_31,Relu_28,Conv_27,Relu_31,Conv_29,MaxPool_7,Conv_32,Relu_32,Relu_29,Relu_27,Concat_4,Conv_34,Relu_34,Conv_35,Relu_35,Conv_36,Relu_36,Conv_37,Relu_37,Conv_33,Relu_33,MaxPool_8,Conv_38,Relu_38,Concat_5,Conv_40,Conv_42,Relu_42,Conv_43,Relu_43,Conv_39,Relu_39,Relu_40,Conv_41,Relu_41,MaxPool_9,Conv_44,Relu_44,Concat_6,MaxPool_10,Conv_45,MaxPool_11,Conv_46,Conv_48,Relu_45,Relu_46,Conv_50,Conv_47,Relu_50,Relu_48,Conv_49,Relu_49,Relu_47,Concat_7,Conv_52,Conv_54,Relu_54,Relu_52,Conv_55,Relu_55,Conv_53,MaxPool_12,Relu_53,Conv_51,Conv_56,Relu_51,Relu_56,Concat_8,GlobalAveragePool_0,Flatten_0,Gemm_0,output
32,input,Conv_0,Relu_0,MaxPool_0,Conv_1,Relu_1,Conv_2,Relu_2,MaxPool_1,Conv_6,MaxPool_2,Conv_8,Conv_4,Relu_6,Conv_3,Conv_7,Relu_7,Relu_4,Relu_8,Conv_5,Relu_5,Relu_3,Concat_0,Conv_10,Relu_10,Conv_11,Relu_11,Conv_12,Conv_9,MaxPool_3,Relu_9,Conv_14,Relu_12,Relu_14,Conv_13,Relu_13,Concat_1,MaxPool_4,Conv_15,MaxPool_5,Conv_18,Conv_20,Relu_20,Relu_15,Relu_18,Conv_19,Conv_16,Relu_16,Conv_17,Relu_17,Relu_19,Concat_2,Conv_21,Conv_24,Conv_22,Relu_21,Relu_24,Conv_25,Relu_22,Relu_25,Conv_23,Relu_23,MaxPool_6,Conv_26,Relu_26,Concat_3,MaxPool_7,Conv_28,Conv_30,Conv_27,Conv_32,Relu_28,Relu_27,Relu_32,Conv_29,Relu_29,Relu_30,Conv_31,Relu_31,Concat_4,Conv_33,Relu_33,MaxPool_8,Conv_38,Conv_36,Relu_38,Relu_36,Conv_34,Relu_34,Conv_35,Relu_35,Conv_37,Relu_37,Concat_5,Conv_40,Relu_40,Conv_41,Conv_39,Relu_41,Relu_39,Conv_42,MaxPool_9,Relu_42,Conv_44,Relu_44,Conv_43,Relu_43,Concat_6,MaxPool_10,MaxPool_11,Conv_50,Conv_46,Conv_45,Relu_46,Relu_45,Conv_47,Conv_48,Relu_50,Relu_47,Relu_48,Conv_49,Relu_49,Concat_7,Conv_54,MaxPool_12,Conv_52,Relu_52,Conv_56,Relu_56,Relu_54,Conv_55,Conv_51,Conv_53,Relu_55,Relu_53,Relu_51,Concat_8,GlobalAveragePool_0,Flatten_0,Gemm_0,output
33,input,Conv_0,Relu_0,MaxPool_0,Conv_1,Relu_1,Conv_2,Relu_2,MaxPool_1,Conv_6,MaxPool_2,Relu_6,Conv_7,Conv_4,Conv_8,Relu_4,Conv_5,Relu_8,Relu_7,Relu_5,Conv_3,Relu_3,Concat_0,Conv_10,MaxPool_3,Conv_12,Relu_10,Conv_14,Conv_11,Relu_11,Relu_12,Conv_9,Relu_9,Relu_14,Conv_13,Relu_13,Concat_1,MaxPool_4,Conv_15,Conv_16,Relu_15,MaxPool_5,Conv_18,Conv_20,Relu_20,Relu_18,Relu_16,Conv_17,Conv_19,Relu_17,Relu_19,Concat_2,Conv_21,Relu_21,MaxPool_6,Conv_24,Conv_26,Relu_26,Relu_24,Conv_22,Conv_25,Relu_22,Conv_23,Relu_23,Relu_25,Concat_3,Conv_30,Conv_28,Conv_27,Relu_28,Relu_27,Relu_30,Conv_31,MaxPool_7,Conv_29,Relu_29,Conv_32,Relu_31,Relu_32,Concat_4,Conv_36,Conv_34,Conv_33,Relu_36,Relu_34,Conv_35,MaxPool_8,Conv_37,Relu_33,Relu_35,Relu_37,Conv_38,Relu_38,Concat_5,Conv_40,Relu_40,Conv_39,MaxPool_9,Conv_42,Conv_44,Conv_41,Relu_41,Relu_39,Relu_42,Relu_44,Conv_43,Relu_43,Concat_6,MaxPool_10,Conv_46,Conv_48,Relu_46,MaxPool_11,Relu_48,Conv_49,Conv_47,Relu_49,Conv_45,Conv_50,Relu_50,Relu_45,Relu_47,Concat_7,Conv_54,Relu_54,MaxPool_12,Conv_51,Conv_52,Relu_51,Conv_56,Relu_52,Conv_53,Relu_56,Relu_53,Conv_55,Relu_55,Concat_8,GlobalAveragePool_0,Flatten_0,Gemm_0,output
34,input,Conv_0,Relu_0,MaxPool_0,Conv_1,Relu_1,Conv_2,Relu_2,MaxPool_1,Conv_6,Relu_6,Conv_3,Relu_3,Conv_7,Conv_4,MaxPool_2,Conv_8,Relu_7,Relu_8,Relu_4,Conv_5,Relu_5,Concat_0,Conv_10,Relu_10,Conv_12,Relu_12,Conv_13,Conv_11,Relu_11,MaxPool_3,Relu_13,Conv_14,Relu_14,Conv_9,Relu_9,Concat_1,MaxPool_4,Conv_18,Relu_18,Conv_15,Conv_16,Relu_16,Relu_15,Conv_17,Conv_19,MaxPool_5,Relu_17,Conv_20,Relu_19,Relu_20,Concat_2,MaxPool_6,Conv_24,Conv_22,Conv_26,Relu_22,Conv_21,Relu_24,Relu_21,Conv_25,Relu_25,Conv_23,Relu_26,Relu_23,Concat_3,Conv_30,Conv_27,Conv_28,Relu_30,Conv_31,Relu_28,Relu_31,Relu_27,MaxPool_7,Conv_32,Conv_29,Relu_29,Relu_32,Concat_4,Conv_34,Conv_36,Relu_34,Conv_33,Relu_36,MaxPool_8,Conv_37,Relu_33,Relu_37,Conv_35,Conv_38,Relu_35,Relu_38,Concat_5,MaxPool_9,Conv_44,Conv_42,Relu_44,Relu_42,Conv_43,Conv_39,Relu_43,Relu_39,Conv_40,Relu_40,Conv_41,Relu_41,Concat_6,MaxPool_10,Conv_48,Relu_48,Conv_49,Relu_49,Conv_46,Relu_46,Conv_47,Relu_47,MaxPool_11,Conv_45,Conv_50,Relu_50,Relu_45,Concat_7,Conv_52,Conv_51,Relu_52,MaxPool_12,Conv_53,Conv_54,Relu_53,Relu_51,Relu_54,Conv_56,Conv_55,Relu_55,Relu_56,Concat_8,GlobalAveragePool_0,Flatten_0,Gemm_0,output
35,input,Conv_0,Relu_0,MaxPool_0,Conv_1,Relu_1,Conv_2,Relu_2,MaxPool_1,Conv_6,Relu_6,Conv_4,Conv_7,Conv_3,Relu_4,MaxPool_2,Conv_5,Conv_8,Relu_3,Relu_8,Relu_5,Relu_7,Concat_0,Conv_10,MaxPool_3,Conv_12,Conv_9,Conv_14,Relu_12,Relu_10,Relu_9,Conv_11,Conv_13,Relu_13,Relu_11,Relu_14,Concat_1,MaxPool_4,Conv_18,Relu_18,Conv_19,Relu_19,Conv_15,Conv_16,Relu_16,MaxPool_5,Conv_20,Relu_20,Relu_15,Conv_17,Relu_17,Concat_2,MaxPool_6,Conv_26,Conv_24,Conv_22,Conv_21,Relu_22,Relu_24,Conv_25,Relu_25,Relu_26,Conv_23,Relu_21,Relu_23,Concat_3,Conv_28,Conv_30,Relu_28,Relu_30,Conv_29,MaxPool_7,Conv_31,Conv_32,Conv_27,Relu_27,Relu_29,Relu_32,Relu_31,Concat_4,Conv_36,Conv_34,MaxPool_8,Conv_38,Relu_36,Relu_38,Conv_37,Relu_34,Conv_35,Relu_35,Relu_37,Conv_33,Relu_33,Concat_5,MaxPool_9,Conv_44,Relu_44,Conv_42,Conv_40,Relu_40,Relu_42,Conv_41,Relu_41,Conv_39,Relu_39,Conv_43,Relu_43,Concat_6,MaxPool_10,Conv_48,Relu_48,Conv_46,Conv_49,MaxPool_11,Conv_50,Relu_46,Conv_45,Relu_50,Relu_49,Relu_45,Conv_47,Relu_47,Concat_7,MaxPool_12,Conv_56,Conv_51,Conv_52,Conv_54,Relu_54,Relu_51,Relu_56,Conv_55,Relu_52,Relu_55,Conv_53,Relu_53,Concat_8,GlobalAveragePool_0,Flatten_0,Gemm_0,output
36,input,Conv_0,Relu_0,MaxPool_0,Conv_1,Relu_1,Conv_2,Relu_2,MaxPool_1,Conv_6,Relu_6,Conv_4,Conv_7,Relu_4,Conv_5,Conv_3,MaxPool_2,Conv_8,Relu_5,Relu_7,Relu_3,Relu_8,Concat_0,Conv_12,Relu_12,Conv_13,MaxPool_3,Conv_10,Conv_14,Conv_9,Relu_10,Relu_13,Conv_11,Relu_11,Relu_14,Relu_9,Concat_1,MaxPool_4,Conv_18,Relu_18,MaxPool_5,Conv_16,Conv_20,Relu_16,Conv_19,Conv_17,Conv_15,Relu_15,Relu_19,Relu_20,Relu_17,Concat_2,Conv_21,Conv_24,Relu_21,MaxPool_6,Conv_26,Relu_26,Relu_24,Conv_22,Conv_25,Relu_22,Conv_23,Relu_25,Relu_23,Concat_3,Conv_28,Relu_28,Conv_29,Relu_29,MaxPool_7,Conv_30,Conv_32,Relu_32,Relu_30,Conv_27,Relu_27,Conv_31,Relu_31,Concat_4,Conv_34,Conv_33,Conv_36,MaxPool_8,Relu_36,Relu_34,Conv_38,Conv_35,Relu_33,Conv_37,Relu_35,Relu_37,Relu_38,Concat_5,Conv_42,Relu_42,MaxPool_9,Conv_40,Conv_44,Relu_40,Relu_44,Conv_43,Relu_43,Conv_41,Relu_41,Conv_39,Relu_39,Concat_6,MaxPool_10,MaxPool_11,Conv_46,Conv_45,Relu_45,Conv_48,Relu_48,Conv_49,Conv_50,Relu_50,Relu_46,Conv_47,Relu_49,Relu_47,Concat_7,Conv_51,Relu_51,Conv_54,Conv_52,MaxPool_12,Conv_56,Relu_56,Relu_54,Conv_55,Relu_52,Relu_55,Conv_53,Relu_53,Concat_8,GlobalAveragePool_0,Flatten_0,Gemm_0,output
37,input,Conv_0,Relu_0,MaxPool_0,Conv_1,Relu_1,Conv_2,Relu_2,MaxPool_1,Conv_6,Relu_6,Conv_4,MaxPool_2,Relu_4,Conv_7,Conv_5,Conv_3,Relu_3,Relu_5,Conv_8,Relu_7,Relu_8,Concat_0,Conv_12,Relu_12,Conv_13,Conv_10,MaxPool_3,Conv_14,Relu_10,Conv_9,Conv_11,Relu_9,Relu_14,Relu_13,Relu_11,Concat_1,MaxPool_4,Conv_16,Conv_18,Relu_16,Conv_17,MaxPool_5,Conv_20,Relu_18,Relu_20,Conv_19,Relu_17,Conv_15,Relu_19,Relu_15,Concat_2,MaxPool_6,Conv_26,Conv_22,Conv_21,Conv_24,Relu_21,Relu_24,Relu_22,Conv_25,Relu_26,Conv_23,Relu_25,Relu_23,Concat_3,Conv_28,Relu_28,Conv_29,Conv_27,Relu_29,MaxPool_7,Conv_30,Relu_30,Conv_31,Conv_32,Relu_27,Relu_32,Relu_31,Concat_4,Conv_36,MaxPool_8,Conv_38,Conv_34,Relu_34,Relu_36,Conv_37,Relu_38,Relu_37,Conv_35,Conv_33,Relu_33,Relu_35,Concat_5,Conv_42,MaxPool_9,Conv_39,Conv_40,Conv_44,Relu_40,Relu_39,Relu_42,Conv_43,Relu_44,Relu_43,Conv_41,Relu_41,Concat_6,MaxPool_10,Conv_46,MaxPool_11,Conv_48,Conv_50,Relu_48,Relu_50,Conv_49,Relu_46,Conv_47,Relu_47,Conv_45,Relu_49,Relu_45,Concat_7,Conv_54,Conv_52,Relu_52,Relu_54,Conv_55,Conv_51,Relu_51,Conv_53,MaxPool_12,Relu_55,Conv_56,Relu_56,Relu_53,Concat_8,GlobalAveragePool_0,Flatten_0,Gemm_0,output
38,input,Conv_0,Relu_0,MaxPool_0,Conv_1,Relu_1,Conv_2,Relu_2,MaxPool_1,Conv_6,Relu_6,Conv_4,Relu_4,Conv_5,Conv_3,Relu_3,MaxPool_2,Conv_8,Conv_7,Relu_8,Relu_5,Relu_7,Concat_0,Conv_12,Relu_12,Conv_9,Relu_9,Conv_13,Relu_13,Conv_10,Relu_10,Conv_11,MaxPool_3,Conv_14,Relu_11,Relu_14,Concat_1,MaxPool_4,Conv_18,Conv_16,Relu_18,MaxPool_5,Conv_19,Relu_16,Conv_20,Conv_17,Relu_19,Relu_20,Relu_17,Conv_15,Relu_15,Concat_2,Conv_22,Relu_22,Conv_23,MaxPool_6,Conv_21,Relu_21,Relu_23,Conv_24,Relu_24,Conv_26,Conv_25,Relu_26,Relu_25,Concat_3,MaxPool_7,Conv_32,Conv_30,Conv_27,Relu_32,Relu_27,Relu_30,Conv_31,Conv_28,Relu_31,Relu_28,Conv_29,Relu_29,Concat_4,Conv_36,MaxPool_8,Conv_33,Conv_38,Relu_38,Conv_34,Relu_34,Conv_35,Relu_35,Relu_36,Relu_33,Conv_37,Relu_37,Concat_5,Conv_40,Conv_39,Conv_42,Relu_40,Relu_39,Relu_42,Conv_43,MaxPool_9,Relu_43,Conv_44,Relu_44,Conv_41,Relu_41,Concat_6,MaxPool_10,MaxPool_11,Conv_50,Conv_46,Conv_48,Relu_48,Relu_46,Conv_47,Conv_49,Relu_49,Relu_50,Conv_45,Relu_45,Relu_47,Concat_7,Conv_54,Conv_51,Conv_52,Relu_54,Conv_55,Relu_51,Relu_52,Relu_55,MaxPool_12,Conv_53,Conv_56,Relu_56,Relu_53,Concat_8,GlobalAveragePool_0,Flatten_0,Gemm_0,output
39,input,Conv_0,Relu_0,MaxPool_0,Conv_1,Relu_1,Conv_2,Relu_2,MaxPool_1,Conv_6,Relu_6,Conv_4,Relu_4,Conv_5,MaxPool_2,Conv_8,Conv_7,Relu_5,Relu_7,Relu_8,Conv_3,Relu_3,Concat_0,Conv_10,Conv_12,Relu_10,Conv_11,Relu_12,MaxPool_3,Conv_13,Relu_11,Relu_13,Conv_14,Relu_14,Conv_9,Relu_9,Concat_1,MaxPool_4,Conv_15,Conv_18,Relu_15,Conv_16,MaxPool_5,Relu_18,Conv_20,Conv_19,Relu_20,Relu_16,Relu_19,Conv_17,Relu_17,Concat_2,Conv_24,Conv_22,Relu_22,MaxPool_6,Relu_24,Conv_25,Relu_25,Conv_21,Relu_21,Conv_26,Relu_26,Conv_23,Relu_23,Concat_3,Conv_30,Relu_30,MaxPool_7,Conv_32,Conv_31,Relu_32,Relu_31,Conv_28,Relu_28,Conv_29,Conv_27,Relu_27,Relu_29,Concat_4,Conv_36,Conv_34,Relu_36,Relu_34,MaxPool_8,Conv_35,Relu_35,Conv_38,Relu_38,Conv_37,Conv_33,Relu_37,Relu_33,Concat_5,MaxPool_9,Conv_40,Conv_44,Conv_39,Conv_42,Relu_42,Conv_43,Relu_40,Conv_41,Relu_39,Relu_41,Relu_43,Relu_44,Concat_6,MaxPool_10,Conv_45,Conv_46,Conv_48,MaxPool_11,Relu_48,Relu_45,Relu_46,Conv_47,Conv_50,Relu_47,Conv_49,Relu_50,Relu_49,Concat_7,Conv_54,Relu_54,Conv_55,Conv_52,Relu_52,MaxPool_12,Conv_53,Conv_51,Relu_55,Relu_53,Relu_51,Conv_56,Relu_56,Concat_8,GlobalAveragePool_0,Flatten_0,Gemm_0,output
40,input,Conv_0,Relu_0,MaxPool_0,Conv_1,Relu_1,Conv_2,Relu_2,MaxPool_1,Conv_6,Relu_6,Conv_4,Relu_4,MaxPool_2,Conv_7,Conv_8,Conv_3,Conv_5,Relu_5,Relu_7,Relu_3,Relu_8,Concat_0,Conv_10,Relu_10,Conv_11,Conv_9,Relu_11,Relu_9,Conv_12,Relu_12,MaxPool_3,Conv_14,Conv_13,Relu_14,Relu_13,Concat_1,MaxPool_4,MaxPool_5,Conv_20,Conv_18,Relu_18,Conv_19,Relu_19,Conv_16,Conv_15,Relu_16,Relu_20,Conv_17,Relu_15,Relu_17,Concat_2,Conv_22,Conv_24,Relu_22,Relu_24,MaxPool_6,Conv_25,Relu_25,Conv_26,Conv_23,Conv_21,Relu_23,Relu_26,Relu_21,Concat_3,MaxPool_7,Conv_30,Relu_30,Conv_31,Conv_27,Conv_28,Conv_32,Relu_32,Relu_28,Conv_29,Relu_27,Relu_29,Relu_31,Concat_4,Conv_36,Conv_34,Relu_34,Relu_36,Conv_35,MaxPool_8,Conv_37,Conv_38,Relu_37,Conv_33,Relu_38,Relu_35,Relu_33,Concat_5,MaxPool_9,Conv_44,Relu_44,Conv_42,Conv_40,Relu_40,Conv_39,Relu_42,Conv_43,Relu_39,Conv_41,Relu_43,Relu_41,Concat_6,MaxPool_10,Conv_46,Relu_46,Conv_47,Relu_47,MaxPool_11,Conv_48,Relu_48,Conv_50,Relu_50,Conv_49,Relu_49,Conv_45,Relu_45,Concat_7,MaxPool_12,Conv_52,Conv_56,Relu_56,Relu_52,Conv_53,Conv_54,Relu_54,Conv_55,Relu_55,Conv_51,Relu_53,Relu_51,Concat_8,GlobalAveragePool_0,Flatten_0,Gemm_0,output
41,input,Conv_0,Relu_0,MaxPool_0,Conv_1,Relu_1,Conv_2,Relu_2,MaxPool_1,Conv_6,Relu_6,Conv_7,Conv_4,Conv_3,Relu_4,Conv_5,MaxPool_2,Relu_3,Conv_8,Relu_8,Relu_7,Relu_5,Concat_0,MaxPool_3,Conv_10,Conv_12,Conv_9,Conv_14,Relu_12,Relu_9,Relu_10,Conv_13,Relu_13,Conv_11,Relu_14,Relu_11,Concat_1,MaxPool_4,MaxPool_5,Conv_20,Relu_20,Conv_16,Conv_15,Relu_15,Conv_18,Relu_16,Relu_18,Conv_17,Conv_19,Relu_19,Relu_17,Concat_2,Conv_24,Relu_24,Conv_22,Relu_22,MaxPool_6,Conv_25,Conv_21,Relu_21,Relu_25,Conv_23,Relu_23,Conv_26,Relu_26,Concat_3,Conv_30,Relu_30,Conv_31,Relu_31,Conv_27,Conv_28,Relu_28,MaxPool_7,Conv_32,Relu_27,Relu_32,Conv_29,Relu_29,Concat_4,Conv_33,Relu_33,Conv_36,Relu_36,MaxPool_8,Conv_34,Relu_34,Conv_37,Conv_35,Relu_35,Relu_37,Conv_38,Relu_38,Concat_5,Conv_39,Conv_40,Conv_42,MaxPool_9,Relu_39,Relu_40,Relu_42,Conv_44,Conv_43,Conv_41,Relu_43,Relu_41,Relu_44,Concat_6,MaxPool_10,Conv_46,Conv_45,Relu_46,Relu_45,MaxPool_11,Conv_50,Relu_50,Conv_48,Relu_48,Conv_49,Conv_47,Relu_47,Relu_49,Concat_7,MaxPool_12,Conv_52,Conv_51,Conv_54,Relu_54,Relu_52,Relu_51,Conv_55,Relu_55,Conv_56,Relu_56,Conv_53,Relu_53,Concat_8,GlobalAveragePool_0,Flatten_0,Gemm_0,output
42,input,Conv_0,Relu_0,MaxPool_0,Conv_1,Relu_1,Conv_2,Relu_2,MaxPool_1,Conv_6,Relu_6,Conv_7,Conv_4,Conv_3,Relu_7,Relu_4,Relu_3,MaxPool_2,Conv_8,Conv_5,Relu_5,Relu_8,Concat_0,Conv_10,Relu_10,Conv_11,Relu_11,Conv_12,Relu_12,Conv_9,Conv_13,Relu_9,MaxPool_3,Conv_14,Relu_13,Relu_14,Concat_1,MaxPool_4,Conv_18,Relu_18,MaxPool_5,Conv_16,Conv_20,Conv_15,Relu_15,Conv_19,Relu_16,Relu_20,Conv_17,Relu_17,Relu_19,Concat_2,Conv_22,Relu_22,Conv_23,Conv_24,Relu_24,Conv_25,MaxPool_6,Conv_21,Conv_26,Relu_23,Relu_26,Relu_21,Relu_25,Concat_3,Conv_28,Relu_28,MaxPool_7,Conv_27,Conv_30,Conv_29,Relu_30,Conv_31,Conv_32,Relu_32,Relu_27,Relu_29,Relu_31,Concat_4,Conv_34,Relu_34,Conv_35,Conv_36,MaxPool_8,Relu_36,Conv_38,Relu_38,Conv_37,Relu_35,Conv_33,Relu_37,Relu_33,Concat_5,Conv_40,MaxPool_9,Conv_44,Conv_42,Conv_39,Relu_40,Relu_39,Relu_42,Conv_41,Relu_41,Conv_43,Relu_43,Relu_44,Concat_6,MaxPool_10,MaxPool_11,Conv_46,Conv_48,Relu_48,Conv_50,Conv_49,Relu_50,Relu_49,Conv_45,Relu_46,Relu_45,Conv_47,Relu_47,Concat_7,Conv_51,Conv_52,Relu_51,Conv_54,Relu_52,MaxPool_12,Conv_56,Relu_56,Conv_53,Relu_53,Relu_54,Conv_55,Relu_55,Concat_8,GlobalAveragePool_0,Flatten_0,Gemm_0,output
43,input,Conv_0,Relu_0,MaxPool_0,Conv_1,Relu_1,Conv_2,Relu_2,MaxPool_1,Conv_6,Relu_6,Conv_7,Conv_4,MaxPool_2,Relu_4,Conv_5,Relu_5,Conv_8,Conv_3,Relu_3,Relu_8,Relu_7,Concat_0,Conv_10,Relu_10,Conv_11,Conv_12,Relu_12,Conv_9,MaxPool_3,Conv_14,Relu_9,Conv_13,Relu_11,Relu_14,Relu_13,Concat_1,MaxPool_4,MaxPool_5,Conv_20,Relu_20,Conv_16,Conv_18,Conv_15,Relu_16,Relu_18,Conv_19,Relu_19,Conv_17,Relu_17,Relu_15,Concat_2,Conv_22,Relu_22,Conv_21,Conv_23,MaxPool_6,Relu_23,Relu_21,Conv_26,Relu_26,Conv_24,Relu_24,Conv_25,Relu_25,Concat_3,Conv_28,Relu_28,Conv_30,Relu_30,Conv_29,MaxPool_7,Conv_31,Relu_29,Conv_32,Conv_27,Relu_32,Relu_31,Relu_27,Concat_4,MaxPool_8,Conv_36,Conv_38,Relu_36,Relu_38,Conv_34,Relu_34,Conv_35,Conv_37,Conv_33,Relu_33,Relu_37,Relu_35,Concat_5,Conv_40,Conv_42,Relu_42,Conv_43,Relu_40,Conv_41,Relu_43,Conv_39,Relu_41,Relu_39,MaxPool_9,Conv_44,Relu_44,Concat_6,MaxPool_10,MaxPool_11,Conv_48,Relu_48,Conv_45,Conv_46,Conv_50,Relu_46,Conv_49,Conv_47,Relu_49,Relu_50,Relu_47,Relu_45,Concat_7,Conv_54,MaxPool_12,Conv_52,Relu_54,Conv_56,Relu_56,Conv_55,Relu_52,Conv_53,Relu_55,Conv_51,Relu_51,Relu_53,Concat_8,GlobalAveragePool_0,Flatten_0,Gemm_0,output
44,input,Conv_0,Relu_0,MaxPool_0,Conv_1,Relu_1,Conv_2,Relu_2,MaxPool_1,Conv_6,Relu_6,Conv_7,Conv_4,Relu_4,Conv_5,Conv_3,Relu_7,MaxPool_2,Relu_5,Conv_8,Relu_8,Relu_3,Concat_0,Conv_12,Relu_12,Conv_10,Relu_10,Conv_11,Conv_13,MaxPool_3,Conv_14,Relu_13,Conv_9,Relu_9,Relu_11,Relu_14,Concat_1,MaxPool_4,Conv_18,Relu_18,Conv_15,MaxPool_5,Relu_15,Conv_20,Conv_19,Relu_20,Conv_16,Relu_19,Relu_16,Conv_17,Relu_17,Concat_2,MaxPool_6,Conv_24,Conv_22,Conv_21,Conv_26,Relu_26,Relu_21,Relu_24,Conv_25,Relu_25,Relu_22,Conv_23,Relu_23,Concat_3,Conv_30,MaxPool_7,Conv_27,Relu_30,Conv_31,Relu_31,Conv_32,Relu_27,Relu_32,Conv_28,Relu_28,Conv_29,Relu_29,Concat_4,Conv_36,MaxPool_8,Conv_34,Conv_33,Relu_34,Relu_36,Relu_33,Conv_38,Conv_35,Relu_35,Conv_37,Relu_37,Relu_38,Concat_5,Conv_42,MaxPool_9,Conv_39,Relu_39,Conv_40,Relu_40,Relu_42,Conv_41,Conv_43,Relu_43,Conv_44,Relu_41,Relu_44,Concat_6,MaxPool_10,Conv_48,Relu_48,MaxPool_11,Conv_49,Relu_49,Conv_45,Conv_50,Conv_46,Relu_45,Relu_50,Relu_46,Conv_47,Relu_47,Concat_7,Conv_52,MaxPool_12,Conv_54,Relu_52,Conv_53,Relu_54,Conv_55,Conv_56,Conv_51,Relu_53,Relu_56,Relu_51,Relu_55,Concat_8,GlobalAveragePool_0,Flatten_0,Gemm_0,output
45,input,Conv_0,Relu_0,MaxPool_0,Conv_1,Relu_1,Conv_2,Relu_2,MaxPool_1,Conv_6,Relu_6,Conv_7,Conv_4,Relu_4,MaxPool_2,Conv_8,Relu_8,Conv_5,Conv_3,Relu_7,Relu_5,Relu_3,Concat_0,Conv_12,Relu_12,Conv_13,MaxPool_3,Conv_14,Conv_9,Relu_9,Conv_10,Relu_10,Relu_13,Conv_11,Relu_11,Relu_14,Concat_1,MaxPool_4,MaxPool_5,Conv_16,Relu_16,Conv_18,Relu_18,Conv_19,Conv_20,Relu_20,Conv_17,Relu_19,Conv_15,Relu_15,Relu_17,Concat_2,Conv_24,Relu_24,Conv_25,Relu_25,MaxPool_6,Conv_22,Conv_26,Relu_22,Conv_21,Relu_21,Relu_26,Conv_23,Relu_23,Concat_3,Conv_28,Relu_28,Conv_30,Conv_29,Conv_27,Relu_29,Relu_30,MaxPool_7,Conv_31,Relu_31,Relu_27,Conv_32,Relu_32,Concat_4,Conv_34,Conv_36,Relu_36,Conv_37,Relu_37,MaxPool_8,Relu_34,Conv_33,Conv_38,Relu_38,Relu_33,Conv_35,Relu_35,Concat_5,MaxPool_9,Conv_44,Conv_39,Relu_44,Relu_39,Conv_42,Relu_42,Conv_40,Relu_40,Conv_43,Relu_43,Conv_41,Relu_41,Concat_6,MaxPool_10,Conv_46,MaxPool_11,Conv_50,Conv_45,Relu_45,Relu_46,Conv_47,Relu_50,Conv_48,Relu_47,Relu_48,Conv_49,Relu_49,Concat_7,Conv_54,Conv_51,Conv_52,Relu_51,Relu_54,Relu_52,MaxPool_12,Conv_55,Conv_56,Conv_53,Relu_53,Relu_55,Relu_56,Concat_8,GlobalAveragePool_0,Flatten_0,Gemm_0,output
46,input,Conv_0,Relu_0,MaxPool_0,Conv_1,Relu_1,Conv_2,Relu_2,MaxPool_1,Conv_6,Relu_6,Conv_7,Conv_4,Relu_4,MaxPool_2,Relu_7,Conv_3,Conv_8,Relu_8,Relu_3,Conv_5,Relu_5,Concat_0,Conv_12,Conv_10,Relu_12,Relu_10,Conv_13,Conv_11,Conv_9,Relu_11,MaxPool_3,Relu_13,Relu_9,Conv_14,Relu_14,Concat_1,MaxPool_4,MaxPool_5,Conv_16,Conv_18,Relu_16,Relu_18,Conv_17,Relu_17,Conv_15,Conv_20,Conv_19,Relu_20,Relu_19,Relu_15,Concat_2,Conv_22,Conv_24,Relu_24,Relu_22,Conv_25,Conv_23,MaxPool_6,Relu_25,Conv_26,Conv_21,Relu_26,Relu_23,Relu_21,Concat_3,Conv_28,Conv_27,Relu_28,Conv_30,MaxPool_7,Conv_32,Relu_30,Relu_27,Conv_29,Conv_31,Relu_29,Relu_32,Relu_31,Concat_4,MaxPool_8,Conv_36,Conv_38,Relu_36,Relu_38,Conv_37,Conv_34,Relu_37,Conv_33,Relu_34,Conv_35,Relu_33,Relu_35,Concat_5,Conv_42,Relu_42,MaxPool_9,Conv_43,Conv_44,Conv_39,Conv_40,Relu_40,Relu_44,Conv_41,Relu_39,Relu_41,Relu_43,Concat_6,MaxPool_10,Conv_48,Relu_48,Conv_46,Relu_46,Conv_47,Conv_49,Relu_49,MaxPool_11,Conv_50,Relu_47,Conv_45,Relu_45,Relu_50,Concat_7,MaxPool_12,Conv_56,Conv_54,Relu_54,Conv_52,Relu_56,Conv_55,Relu_55,Conv_51,Relu_51,Relu_52,Conv_53,Relu_53,Concat_8,GlobalAveragePool_0,Flatten_0,Gemm_0,output
47,input,Conv_0,Relu_0,MaxPool_0,Conv_1,Relu_1,Conv_2,Relu_2,MaxPool_1,Conv_6,Relu_6,Conv_7,MaxPool_2,Conv_4,Conv_8,Relu_4,Conv_3,Relu_3,Relu_8,Conv_5,Relu_5,Relu_7,Concat_0,MaxPool_3,Conv_10,Relu_10,Conv_12,Relu_12,Conv_9,Conv_11,Conv_13,Conv_14,Relu_14,Relu_9,Relu_13,Relu_11,Concat_1,MaxPool_4,Conv_15,Conv_18,Relu_18,Conv_16,Relu_16,Conv_19,Conv_17,MaxPool_5,Relu_19,Relu_17,Conv_20,Relu_15,Relu_20,Concat_2,Conv_24,Conv_22,MaxPool_6,Relu_22,Conv_26,Conv_23,Relu_24,Relu_26,Conv_25,Relu_25,Relu_23,Conv_21,Relu_21,Concat_3,Conv_30,Relu_30,Conv_31,Relu_31,Conv_28,MaxPool_7,Conv_32,Conv_27,Relu_28,Relu_32,Relu_27,Conv_29,Relu_29,Concat_4,Conv_34,Conv_36,Relu_36,Relu_34,Conv_33,MaxPool_8,Conv_35,Conv_38,Conv_37,Relu_33,Relu_37,Relu_38,Relu_35,Concat_5,Conv_39,Conv_42,MaxPool_9,Relu_42,Conv_43,Relu_43,Relu_39,Conv_40,Relu_40,Conv_44,Conv_41,Relu_44,Relu_41,Concat_6,MaxPool_10,Conv_46,MaxPool_11,Conv_48,Conv_45,Relu_46,Conv_47,Relu_45,Conv_50,Relu_50,Relu_47,Relu_48,Conv_49,Relu_49,Concat_7,Conv_51,MaxPool_12,Conv_56,Conv_54,Relu_56,Conv_52,Relu_54,Conv_55,Relu_55,Relu_51,Relu_52,Conv_53,Relu_53,Concat_8,GlobalAveragePool_0,Flatten_0,Gemm_0,output
48,input,Conv_0,Relu_0,MaxPool_0,Conv_1,Relu_1,Conv_2,Relu_2,MaxPool_1,Conv_6,Relu_6,Conv_7,MaxPool_2,Conv_4,Relu_4,Conv_8,Relu_7,Conv_3,Relu_8,Conv_5,Relu_5,Relu_3,Concat_0,Conv_10,Relu_10,Conv_12,Relu_12,Conv_13,Conv_11,Conv_9,Relu_13,MaxPool_3,Relu_11,Conv_14,Relu_9,Relu_14,Concat_1,MaxPool_4,Conv_18,Relu_18,Conv_19,Conv_16,Relu_16,Conv_17,MaxPool_5,Conv_20,Relu_17,Conv_15,Relu_15,Relu_20,Relu_19,Concat_2,Conv_24,MaxPool_6,Conv_22,Relu_24,Relu_22,Conv_26,Conv_25,Conv_23,Relu_26,Relu_23,Conv_21,Relu_21,Relu_25,Concat_3,Conv_27,Conv_30,MaxPool_7,Conv_32,Relu_30,Relu_32,Conv_31,Conv_28,Relu_28,Conv_29,Relu_27,Relu_31,Relu_29,Concat_4,Conv_36,Relu_36,Conv_37,Relu_37,Conv_33,MaxPool_8,Conv_38,Relu_38,Relu_33,Conv_34,Relu_34,Conv_35,Relu_35,Concat_5,MaxPool_9,Conv_42,Conv_44,Conv_39,Relu_44,Relu_42,Relu_39,Conv_43,Relu_43,Conv_40,Relu_40,Conv_41,Relu_41,Concat_6,MaxPool_10,Conv_45,MaxPool_11,Conv_48,Conv_46,Relu_46,Conv_50,Conv_47,Relu_45,Relu_50,Relu_48,Conv_49,Relu_49,Relu_47,Concat_7,MaxPool_12,Conv_52,Conv_51,Relu_52,Conv_54,Conv_56,Relu_54,Relu_56,Relu_51,Conv_53,Relu_53,Conv_55,Relu_55,Concat_8,GlobalAveragePool_0,Flatten_0,Gemm_0,output
49,input,Conv_0,Relu_0,MaxPool_0,Conv_1,Relu_1,Conv_2,Relu_2,MaxPool_1,Conv_6,Relu_6,Conv_7,MaxPool_2,Relu_7,Conv_4,Conv_8,Relu_4,Conv_5,Relu_5,Conv_3,Relu_3,Relu_8,Concat_0,Conv_12,Relu_12,Conv_13,Conv_10,Relu_13,Relu_10,Conv_11,Conv_9,MaxPool_3,Relu_11,Conv_14,Relu_9,Relu_14,Concat_1,MaxPool_4,Conv_16,Relu_16,Conv_17,Relu_17,Conv_15,Conv_18,MaxPool_5,Relu_18,Conv_20,Conv_19,Relu_20,Relu_15,Relu_19,Concat_2,Conv_21,Conv_22,Conv_24,Relu_22,Conv_23,MaxPool_6,Relu_24,Relu_23,Conv_25,Conv_26,Relu_26,Relu_25,Relu_21,Concat_3,Conv_28,Conv_27,Relu_28,MaxPool_7,Conv_29,Relu_29,Relu_27,Conv_30,Relu_30,Conv_32,Relu_32,Conv_31,Relu_31,Concat_4,Conv_36,Conv_34,Relu_36,Conv_37,MaxPool_8,Conv_33,Conv_38,Relu_38,Relu_37,Relu_33,Relu_34,Conv_35,Relu_35,Concat_5,MaxPool_9,Conv_39,Conv_40,Conv_42,Relu_40,Conv_41,Relu_42,Conv_44,Relu_41,Relu_39,Conv_43,Relu_44,Relu_43,Concat_6,MaxPool_10,Conv_45,Conv_48,MaxPool_11,Relu_45,Conv_46,Relu_46,Conv_50,Relu_50,Relu_48,Conv_47,Conv_49,Relu_49,Relu_47,Concat_7,Conv_52,Conv_51,Relu_51,Conv_54,MaxPool_12,Relu_54,Conv_56,Conv_55,Relu_56,Relu_55,Relu_52,Conv_53,Relu_53,Concat_8,GlobalAveragePool_0,Flatten_0,Gemm_0,output
50,input,Conv_0,Relu_0,MaxPool_0,Conv_1,Relu_1,Conv_2,Relu_2,MaxPool_1,Conv_6,Relu_6,Conv_7,MaxPool_2,Relu_7,Conv_8,Relu_8,Conv_3,Relu_3,Conv_4,Relu_4,Conv_5,Relu_5,Concat_0,Conv_10,Conv_9,Relu_9,Relu_10,Conv_12,Relu_12,MaxPool_3,Conv_14,Conv_13,Conv_11,Relu_14,Relu_13,Relu_11,Concat_1,MaxPool_4,Conv_18,Conv_15,Relu_18,MaxPool_5,Conv_19,Conv_20,Relu_20,Conv_16,Relu_16,Conv_17,Relu_15,Relu_19,Relu_17,Concat_2,Conv_24,Relu_24,Conv_25,Conv_21,Relu_21,Relu_25,MaxPool_6,Conv_26,Relu_26,Conv_22,Relu_22,Conv_23,Relu_23,Concat_3,Conv_28,Conv_27,MaxPool_7,Conv_32,Relu_27,Relu_28,Conv_30,Relu_30,Relu_32,Conv_29,Conv_31,Relu_31,Relu_29,Concat_4,Conv_34,Relu_34,MaxPool_8,Conv_33,Conv_38,Conv_36,Relu_33,Conv_35,Relu_35,Relu_36,Conv_37,Relu_38,Relu_37,Concat_5,Conv_40,Conv_39,Relu_40,Conv_42,Conv_41,Relu_42,Relu_41,MaxPool_9,Conv_44,Conv_43,Relu_39,Relu_44,Relu_43,Concat_6,MaxPool_10,Conv_46,Conv_48,MaxPool_11,Conv_50,Relu_46,Relu_48,Relu_50,Conv_47,Relu_47,Conv_49,Conv_45,Relu_49,Relu_45,Concat_7,Conv_54,Conv_52,Relu_52,Conv_53,MaxPool_12,Relu_53,Conv_56,Relu_56,Relu_54,Conv_51,Relu_51,Conv_55,Relu_55,Concat_8,GlobalAveragePool_0,Flatten_0,Gemm_0,output
51,input,Conv_0,Relu_0,MaxPool_0,Conv_1,Relu_1,Conv_2,Relu_2,MaxPool_1,Conv_6,Relu_6,Conv_7,MaxPool_2,Relu_7,Conv_8,Relu_8,Conv_4,Relu_4,Conv_5,Relu_5,Conv_3,Relu_3,Concat_0,Conv_12,Relu_12,Conv_13,Conv_9,Relu_9,Conv_10,MaxPool_3,Conv_14,Relu_10,Conv_11,Relu_11,Relu_14,Relu_13,Concat_1,MaxPool_4,Conv_16,Conv_18,Relu_16,Relu_18,Conv_17,Conv_15,MaxPool_5,Conv_19,Conv_20,Relu_15,Relu_19,Relu_20,Relu_17,Concat_2,Conv_22,Relu_22,MaxPool_6,Conv_23,Conv_21,Conv_24,Relu_21,Conv_26,Relu_23,Relu_24,Conv_25,Relu_26,Relu_25,Concat_3,Conv_28,Relu_28,Conv_30,MaxPool_7,Relu_30,Conv_29,Conv_31,Conv_32,Relu_29,Relu_31,Relu_32,Conv_27,Relu_27,Concat_4,Conv_36,MaxPool_8,Relu_36,Conv_34,Conv_37,Relu_37,Conv_38,Relu_34,Conv_35,Conv_33,Relu_38,Relu_35,Relu_33,Concat_5,Conv_39,MaxPool_9,Relu_39,Conv_42,Conv_44,Conv_40,Relu_40,Conv_41,Relu_41,Relu_42,Relu_44,Conv_43,Relu_43,Concat_6,MaxPool_10,MaxPool_11,Conv_50,Relu_50,Conv_48,Relu_48,Conv_45,Conv_49,Conv_46,Relu_46,Relu_49,Relu_45,Conv_47,Relu_47,Concat_7,Conv_52,Conv_54,Relu_52,Conv_51,MaxPool_12,Conv_56,Relu_51,Conv_53,Relu_53,Relu_56,Relu_54,Conv_55,Relu_55,Concat_8,GlobalAveragePool_0,Flatten_0,Gemm_0,output
52,input,Conv_0,Relu_0,MaxPool_0,Conv_1,Relu_1,Conv_2,Relu_2,MaxPool_1,Conv_6,Relu_6,MaxPool_2,Conv_3,Conv_7,Conv_8,Conv_4,Relu_3,Relu_4,Conv_5,Relu_8,Relu_5,Relu_7,Concat_0,MaxPool_3,Conv_10,Conv_14,Relu_10,Conv_12,Relu_12,Conv_11,Relu_11,Relu_14,Conv_13,Relu_13,Conv_9,Relu_9,Concat_1,MaxPool_4,Conv_18,Relu_18,Conv_16,Conv_19,MaxPool_5,Relu_16,Conv_17,Relu_19,Conv_15,Relu_15,Relu_17,Conv_20,Relu_20,Concat_2,Conv_24,Conv_21,Relu_24,Relu_21,Conv_22,Conv_25,Relu_25,Relu_22,MaxPool_6,Conv_23,Conv_26,Relu_23,Relu_26,Concat_3,Conv_28,Relu_28,Conv_30,MaxPool_7,Relu_30,Conv_27,Conv_31,Conv_29,Relu_31,Relu_29,Conv_32,Relu_27,Relu_32,Concat_4,Conv_36,Relu_36,Conv_37,Conv_33,Relu_33,Relu_37,MaxPool_8,Conv_34,Relu_34,Conv_35,Conv_38,Relu_38,Relu_35,Concat_5,Conv_42,Relu_42,Conv_40,Relu_40,Conv_43,MaxPool_9,Relu_43,Conv_39,Conv_44,Relu_44,Relu_39,Conv_41,Relu_41,Concat_6,MaxPool_10,Conv_45,Relu_45,Conv_48,Relu_48,Conv_49,MaxPool_11,Conv_46,Conv_50,Relu_50,Relu_46,Relu_49,Conv_47,Relu_47,Concat_7,Conv_54,Relu_54,Conv_55,MaxPool_12,Conv_56,Conv_52,Conv_51,Relu_52,Relu_56,Relu_51,Conv_53,Relu_55,Relu_53,Concat_8,GlobalAveragePool_0,Flatten_0,Gemm_0,output
53,input,Conv_0,Relu_0,MaxPool_0,Conv_1,Relu_1,Conv_2,Relu_2,MaxPool_1,Conv_6,Relu_6,MaxPool_2,Conv_8,Conv_4,Relu_8,Conv_7,Relu_4,Conv_5,Relu_5,Relu_7,Conv_3,Relu_3,Concat_0,MaxPool_3,Conv_10,Relu_10,Conv_12,Conv_11,Conv_9,Relu_12,Conv_14,Conv_13,Relu_13,Relu_11,Relu_14,Relu_9,Concat_1,MaxPool_4,Conv_18,Relu_18,Conv_19,Relu_19,MaxPool_5,Conv_16,Conv_15,Relu_16,Conv_20,Relu_20,Conv_17,Relu_15,Relu_17,Concat_2,MaxPool_6,Conv_26,Conv_24,Relu_26,Conv_22,Relu_22,Conv_23,Relu_23,Relu_24,Conv_21,Relu_21,Conv_25,Relu_25,Concat_3,MaxPool_7,Conv_27,Conv_30,Relu_30,Conv_32,Relu_32,Conv_28,Relu_28,Conv_31,Relu_27,Conv_29,Relu_29,Relu_31,Concat_4,Conv_36,Relu_36,Conv_34,Relu_34,MaxPool_8,Conv_35,Relu_35,Conv_38,Relu_38,Conv_33,Conv_37,Relu_33,Relu_37,Concat_5,Conv_40,Relu_40,Conv_42,MaxPool_9,Relu_42,Conv_44,Conv_43,Conv_41,Conv_39,Relu_43,Relu_41,Relu_44,Relu_39,Concat_6,MaxPool_10,Conv_46,Conv_48,Relu_46,Conv_47,Conv_45,Relu_47,MaxPool_11,Relu_45,Relu_48,Conv_49,Conv_50,Relu_49,Relu_50,Concat_7,Conv_52,Conv_54,MaxPool_12,Conv_51,Relu_54,Conv_55,Relu_52,Conv_53,Conv_56,Relu_55,Relu_51,Relu_56,Relu_53,Concat_8,GlobalAveragePool_0,Flatten_0,Gemm_0,output
54,input,Conv_0,Relu_0,MaxPool_0,Conv_1,Relu_1,Conv_2,Relu_2,MaxPool_1,MaxPool_2,Conv_3,Conv_8,Conv_4,Relu_8,Relu_3,Conv_6,Relu_6,Relu_4,Conv_5,Conv_7,Relu_7,Relu_5,Concat_0,MaxPool_3,Conv_10,Conv_14,Conv_12,Relu_10,Conv_11,Relu_12,Conv_13,Relu_14,Relu_11,Conv_9,Relu_13,Relu_9,Concat_1,MaxPool_4,Conv_18,Relu_18,MaxPool_5,Conv_16,Conv_20,Relu_16,Conv_19,Conv_17,Relu_20,Relu_17,Conv_15,Relu_15,Relu_19,Concat_2,Conv_22,Conv_24,Relu_24,Relu_22,Conv_23,Conv_25,MaxPool_6,Conv_26,Conv_21,Relu_26,Relu_21,Relu_23,Relu_25,Concat_3,Conv_30,Conv_28,MaxPool_7,Relu_30,Conv_32,Relu_28,Conv_29,Relu_29,Relu_32,Conv_27,Relu_27,Conv_31,Relu_31,Concat_4,Conv_36,Relu_36,Conv_37,Conv_34,Relu_37,Relu_34,Conv_33,MaxPool_8,Conv_35,Relu_33,Conv_38,Relu_38,Relu_35,Concat_5,Conv_40,Relu_40,Conv_39,MaxPool_9,Conv_42,Relu_39,Conv_41,Relu_42,Conv_44,Relu_41,Conv_43,Relu_44,Relu_43,Concat_6,MaxPool_10,Conv_48,Conv_45,Relu_45,MaxPool_11,Conv_46,Conv_50,Relu_46,Relu_48,Relu_50,Conv_47,Conv_49,Relu_47,Relu_49,Concat_7,Conv_52,Relu_52,Conv_54,MaxPool_12,Conv_56,Conv_51,Relu_51,Relu_54,Relu_56,Conv_53,Relu_53,Conv_55,Relu_55,Concat_8,GlobalAveragePool_0,Flatten_0,Gemm_0,output
55,input,Conv_0,Relu_0,MaxPool_0,Conv_1,Relu_1,Conv_2,Relu_2,MaxPool_1,MaxPool_2,Conv_4,Conv_8,Conv_6,Relu_6,Relu_4,Conv_7,Conv_5,Relu_8,Conv_3,Relu_7,Relu_5,Relu_3,Concat_0,Conv_10,Conv_12,Relu_12,MaxPool_3,Conv_14,Conv_9,Relu_14,Relu_10,Conv_13,Conv_11,Relu_11,Relu_9,Relu_13,Concat_1,MaxPool_4,Conv_16,Relu_16,Conv_15,Conv_18,Relu_15,MaxPool_5,Conv_17,Relu_18,Conv_19,Conv_20,Relu_19,Relu_20,Relu_17,Concat_2,Conv_24,Relu_24,MaxPool_6,Conv_25,Conv_26,Relu_25,Conv_22,Relu_22,Relu_26,Conv_21,Conv_23,Relu_23,Relu_21,Concat_3,MaxPool_7,Conv_30,Relu_30,Conv_31,Conv_27,Conv_32,Relu_32,Conv_28,Relu_31,Relu_27,Relu_28,Conv_29,Relu_29,Concat_4,Conv_33,Conv_36,Relu_33,Relu_36,Conv_34,Conv_37,MaxPool_8,Relu_37,Conv_38,Relu_34,Conv_35,Relu_38,Relu_35,Concat_5,Conv_39,Conv_42,Relu_39,Relu_42,Conv_43,MaxPool_9,Conv_44,Relu_44,Relu_43,Conv_40,Relu_40,Conv_41,Relu_41,Concat_6,MaxPool_10,Conv_46,Conv_48,Conv_45,Relu_46,Relu_48,Relu_45,Conv_47,Conv_49,Relu_47,MaxPool_11,Conv_50,Relu_49,Relu_50,Concat_7,Conv_52,Conv_54,Relu_54,Relu_52,MaxPool_12,Conv_55,Conv_53,Conv_51,Relu_53,Relu_51,Conv_56,Relu_56,Relu_55,Concat_8,GlobalAveragePool_0,Flatten_0,Gemm_0,output
56,input,Conv_0,Relu_0,MaxPool_0,Conv_1,Relu_1,Conv_2,Relu_2,MaxPool_1,MaxPool_2,Conv_4,Relu_4,Conv_8,Conv_3,Relu_3,Conv_6,Relu_6,Conv_5,Conv_7,Relu_5,Relu_8,Relu_7,Concat_0,MaxPool_3,Conv_10,Conv_14,Relu_14,Conv_9,Conv_12,Relu_10,Conv_11,Relu_12,Relu_9,Conv_13,Relu_13,Relu_11,Concat_1,MaxPool_4,Conv_16,Relu_16,Conv_17,Conv_15,Relu_17,Conv_18,Relu_18,Conv_19,Relu_15,Relu_19,MaxPool_5,Conv_20,Relu_20,Concat_2,Conv_24,Relu_24,Conv_22,Conv_25,Relu_22,Relu_25,MaxPool_6,Conv_23,Conv_26,Relu_26,Conv_21,Relu_23,Relu_21,Concat_3,Conv_30,Conv_28,Relu_30,Conv_31,Relu_28,Conv_29,MaxPool_7,Relu_29,Relu_31,Conv_27,Relu_27,Conv_32,Relu_32,Concat_4,Conv_33,Relu_33,MaxPool_8,Conv_38,Relu_38,Conv_36,Relu_36,Conv_34,Relu_34,Conv_37,Relu_37,Conv_35,Relu_35,Concat_5,Conv_40,MaxPool_9,Conv_44,Conv_42,Relu_42,Relu_44,Conv_39,Relu_39,Conv_43,Relu_43,Relu_40,Conv_41,Relu_41,Concat_6,MaxPool_10,Conv_46,Relu_46,Conv_47,Conv_48,Relu_47,Relu_48,MaxPool_11,Conv_50,Conv_45,Relu_50,Relu_45,Conv_49,Relu_49,Concat_7,Conv_54,Conv_52,Relu_52,Relu_54,Conv_55,Conv_51,Relu_55,Relu_51,Conv_53,MaxPool_12,Relu_53,Conv_56,Relu_56,Concat_8,GlobalAveragePool_0,Flatten_0,Gemm_0,output
57,input,Conv_0,Relu_0,MaxPool_0,Conv_1,Relu_1,Conv_2,Relu_2,MaxPool_1,MaxPool_2,Conv_4,Relu_4,Conv_8,Relu_8,Conv_6,Relu_6,Conv_5,Relu_5,Conv_7,Relu_7,Conv_3,Relu_3,Concat_0,Conv_12,Conv_10,Relu_10,Relu_12,Conv_13,Conv_11,MaxPool_3,Relu_11,Conv_9,Conv_14,Relu_13,Relu_9,Relu_14,Concat_1,MaxPool_4,Conv_18,Relu_18,Conv_19,Conv_16,MaxPool_5,Conv_20,Relu_20,Relu_16,Conv_17,Relu_17,Relu_19,Conv_15,Relu_15,Concat_2,MaxPool_6,Conv_24,Conv_21,Relu_24,Conv_22,Conv_25,Conv_26,Relu_25,Relu_22,Conv_23,Relu_21,Relu_23,Relu_26,Concat_3,Conv_30,Relu_30,Conv_31,Relu_31,MaxPool_7,Conv_27,Conv_28,Relu_27,Conv_32,Relu_28,Relu_32,Conv_29,Relu_29,Concat_4,Conv_34,Conv_36,Relu_36,Conv_37,Conv_33,MaxPool_8,Relu_33,Relu_37,Conv_38,Relu_34,Conv_35,Relu_35,Relu_38,Concat_5,Conv_42,Relu_42,Conv_43,Conv_40,Relu_40,Conv_41,Relu_41,MaxPool_9,Conv_44,Relu_43,Conv_39,Relu_39,Relu_44,Concat_6,MaxPool_10,MaxPool_11,Conv_46,Conv_50,Conv_48,Relu_50,Relu_46,Relu_48,Conv_47,Conv_49,Relu_49,Relu_47,Conv_45,Relu_45,Concat_7,MaxPool_12,Conv_51,Conv_56,Conv_54,Relu_56,Relu_51,Relu_54,Conv_52,Relu_52,Conv_55,Conv_53,Relu_53,Relu_55,Concat_8,GlobalAveragePool_0,Flatten_0,Gemm_0,output
58,input,Conv_0,Relu_0,MaxPool_0,Conv_1,Relu_1,Conv_2,Relu_2,MaxPool_1,MaxPool_2,Conv_6,Conv_3,Relu_3,Conv_4,Relu_4,Relu_6,Conv_5,Conv_7,Conv_8,Relu_7,Relu_8,Relu_5,Concat_0,MaxPool_3,Conv_9,Conv_10,Conv_14,Relu_14,Relu_10,Relu_9,Conv_11,Relu_11,Conv_12,Relu_12,Conv_13,Relu_13,Concat_1,MaxPool_4,Conv_18,Relu_18,Conv_16,Relu_16,Conv_17,Relu_17,MaxPool_5,Conv_19,Conv_20,Relu_20,Relu_19,Conv_15,Relu_15,Concat_2,Conv_24,Relu_24,Conv_22,Relu_22,Conv_25,Conv_23,Conv_21,MaxPool_6,Relu_23,Relu_21,Conv_26,Relu_25,Relu_26,Concat_3,MaxPool_7,Conv_32,Conv_27,Conv_28,Conv_30,Relu_30,Relu_28,Conv_31,Conv_29,Relu_27,Relu_32,Relu_31,Relu_29,Concat_4,Conv_34,Relu_34,Conv_35,Conv_36,Relu_35,Relu_36,Conv_37,Conv_33,MaxPool_8,Relu_37,Conv_38,Relu_33,Relu_38,Concat_5,Conv_40,Relu_40,Conv_41,MaxPool_9,Conv_42,Relu_42,Conv_39,Conv_44,Conv_43,Relu_39,Relu_43,Relu_41,Relu_44,Concat_6,MaxPool_10,Conv_46,Relu_46,Conv_48,Conv_47,Relu_48,Conv_45,Relu_47,MaxPool_11,Conv_49,Relu_49,Relu_45,Conv_50,Relu_50,Concat_7,Conv_54,Conv_51,Relu_54,Conv_52,Conv_55,Relu_52,MaxPool_12,Conv_53,Relu_55,Conv_56,Relu_51,Relu_56,Relu_53,Concat_8,GlobalAveragePool_0,Flatten_0,Gemm_0,output
59,input,Conv_0,Relu_0,MaxPool_0,Conv_1,Relu_1,Conv_2,Relu_2,MaxPool_1,MaxPool_2,Conv_6,Conv_4,Conv_8,Relu_6,Relu_4,Conv_7,Conv_3,Relu_7,Conv_5,Relu_5,Relu_3,Relu_8,Concat_0,Conv_12,Conv_9,Relu_9,Conv_10,MaxPool_3,Relu_10,Relu_12,Conv_11,Relu_11,Conv_14,Conv_13,Relu_14,Relu_13,Concat_1,MaxPool_4,Conv_18,Relu_18,Conv_19,Conv_16,Relu_16,Conv_17,MaxPool_5,Conv_15,Conv_20,Relu_17,Relu_19,Relu_20,Relu_15,Concat_2,Conv_24,Relu_24,MaxPool_6,Conv_25,Conv_26,Conv_22,Relu_25,Relu_22,Conv_21,Conv_23,Relu_21,Relu_26,Relu_23,Concat_3,MaxPool_7,Conv_32,Relu_32,Conv_30,Conv_27,Relu_30,Conv_31,Conv_28,Relu_27,Relu_28,Conv_29,Relu_31,Relu_29,Concat_4,Conv_33,Conv_34,MaxPool_8,Conv_36,Conv_38,Relu_34,Relu_36,Conv_35,Relu_33,Relu_35,Conv_37,Relu_37,Relu_38,Concat_5,Conv_39,MaxPool_9,Conv_40,Relu_40,Conv_41,Conv_44,Conv_42,Relu_41,Relu_42,Relu_39,Relu_44,Conv_43,Relu_43,Concat_6,MaxPool_10,Conv_45,Conv_46,MaxPool_11,Conv_50,Relu_45,Relu_50,Conv_48,Relu_48,Relu_46,Conv_47,Relu_47,Conv_49,Relu_49,Concat_7,Conv_51,Relu_51,Conv_54,Relu_54,Conv_52,MaxPool_12,Conv_55,Relu_55,Conv_56,Relu_52,Conv_53,Relu_53,Relu_56,Concat_8,GlobalAveragePool_0,Flatten_0,Gemm_0,output
60,input,Conv_0,Relu_0,MaxPool_0,Conv_1,Relu_1,Conv_2,Relu_2,MaxPool_1,MaxPool_2,Conv_8,Conv_3,Conv_6,Relu_6,Conv_7,Conv_4,Relu_8,Relu_4,Conv_5,Relu_3,Relu_7,Relu_5,Concat_0,MaxPool_3,Conv_14,Relu_14,Conv_9,Conv_10,Relu_10,Conv_11,Relu_9,Relu_11,Conv_12,Relu_12,Conv_13,Relu_13,Concat_1,MaxPool_4,Conv_15,MaxPool_5,Conv_20,Relu_20,Relu_15,Conv_18,Relu_18,Conv_19,Relu_19,Conv_16,Relu_16,Conv_17,Relu_17,Concat_2,Conv_21,Conv_24,MaxPool_6,Relu_21,Conv_22,Relu_22,Conv_26,Conv_23,Relu_26,Relu_24,Relu_23,Conv_25,Relu_25,Concat_3,Conv_27,Conv_30,Relu_27,Relu_30,MaxPool_7,Conv_31,Relu_31,Conv_32,Conv_28,Relu_28,Relu_32,Conv_29,Relu_29,Concat_4,MaxPool_8,Conv_36,Conv_38,Conv_34,Relu_38,Relu_34,Relu_36,Conv_35,Relu_35,Conv_37,Relu_37,Conv_33,Relu_33,Concat_5,Conv_40,Relu_40,Conv_42,Conv_41,MaxPool_9,Relu_41,Conv_44,Relu_44,Relu_42,Conv_43,Relu_43,Conv_39,Relu_39,Concat_6,MaxPool_10,Conv_46,MaxPool_11,Conv_50,Conv_45,Conv_48,Relu_46,Relu_45,Relu_48,Conv_47,Relu_47,Conv_49,Relu_49,Relu_50,Concat_7,Conv_51,Conv_52,Conv_54,Relu_51,Relu_52,MaxPool_12,Relu_54,Conv_55,Conv_56,Relu_55,Relu_56,Conv_53,Relu_53,Concat_8,GlobalAveragePool_0,Flatten_0,Gemm_0,output
61,input,Conv_0,Relu_0,MaxPool_0,Conv_1,Relu_1,Conv_2,Relu_2,MaxPool_1,MaxPool_2,Conv_8,Conv_4,Conv_6,Conv_3,Relu_4,Relu_3,Relu_6,Conv_7,Conv_5,Relu_8,Relu_7,Relu_5,Concat_0,Conv_12,Relu_12,Conv_9,Conv_10,Relu_10,Conv_11,MaxPool_3,Conv_14,Relu_11,Conv_13,Relu_9,Relu_13,Relu_14,Concat_1,MaxPool_4,Conv_18,Conv_16,Relu_18,MaxPool_5,Relu_16,Conv_17,Conv_19,Conv_20,Conv_15,Relu_15,Relu_20,Relu_17,Relu_19,Concat_2,Conv_24,Relu_24,MaxPool_6,Conv_21,Conv_25,Conv_26,Relu_25,Conv_22,Relu_22,Relu_21,Conv_23,Relu_23,Relu_26,Concat_3,Conv_28,MaxPool_7,Conv_32,Conv_27,Relu_28,Conv_30,Conv_29,Relu_32,Relu_30,Relu_29,Conv_31,Relu_31,Relu_27,Concat_4,Conv_34,Relu_34,Conv_36,Relu_36,Conv_37,Conv_33,Relu_33,MaxPool_8,Conv_38,Relu_38,Relu_37,Conv_35,Relu_35,Concat_5,Conv_42,Conv_40,Relu_42,Conv_43,MaxPool_9,Relu_40,Conv_39,Relu_39,Conv_44,Relu_43,Conv_41,Relu_44,Relu_41,Concat_6,MaxPool_10,Conv_46,MaxPool_11,Conv_50,Relu_46,Conv_47,Conv_48,Conv_45,Relu_45,Relu_47,Relu_50,Relu_48,Conv_49,Relu_49,Concat_7,MaxPool_12,Conv_52,Conv_54,Conv_51,Relu_54,Relu_51,Conv_55,Relu_55,Conv_56,Relu_56,Relu_52,Conv_53,Relu_53,Concat_8,GlobalAveragePool_0,Flatten_0,Gemm_0,output
62,input,Conv_0,Relu_0,MaxPool_0,Conv_1,Relu_1,Conv_2,Relu_2,MaxPool_1,MaxPool_2,Conv_8,Relu_8,Conv_3,Conv_4,Relu_4,Conv_6,Conv_5,Relu_6,Conv_7,Relu_7,Relu_3,Relu_5,Concat_0,MaxPool_3,Conv_10,Conv_12,Conv_14,Relu_12,Relu_10,Conv_9,Conv_11,Conv_13,Relu_11,Relu_14,Relu_9,Relu_13,Concat_1,MaxPool_4,Conv_18,Relu_18,Conv_19,Relu_19,MaxPool_5,Conv_16,Relu_16,Conv_15,Conv_17,Conv_20,Relu_20,Relu_17,Relu_15,Concat_2,Conv_22,Relu_22,Conv_23,Conv_24,Relu_24,Conv_21,Conv_25,Relu_23,MaxPool_6,Conv_26,Relu_25,Relu_26,Relu_21,Concat_3,Conv_30,Relu_30,Conv_31,Conv_27,Conv_28,Relu_27,MaxPool_7,Conv_32,Relu_28,Relu_32,Conv_29,Relu_29,Relu_31,Concat_4,Conv_34,Relu_34,MaxPool_8,Conv_35,Conv_36,Conv_38,Relu_38,Relu_36,Conv_37,Relu_37,Conv_33,Relu_33,Relu_35,Concat_5,MaxPool_9,Conv_39,Conv_44,Conv_42,Relu_44,Relu_42,Conv_40,Relu_39,Relu_40,Conv_43,Conv_41,Relu_41,Relu_43,Concat_6,MaxPool_10,Conv_46,Relu_46,Conv_45,MaxPool_11,Conv_47,Relu_47,Conv_50,Conv_48,Relu_50,Relu_48,Relu_45,Conv_49,Relu_49,Concat_7,MaxPool_12,Conv_51,Conv_52,Conv_56,Relu_52,Conv_53,Conv_54,Relu_54,Relu_53,Conv_55,Relu_51,Relu_55,Relu_56,Concat_8,GlobalAveragePool_0,Flatten_0,Gemm_0,output
63,input,Conv_0,Relu_0,MaxPool_0,Conv_1,Relu_1,Conv_2,Relu_2,MaxPool_1,MaxPool_2,Conv_8,Relu_8,Conv_6,Relu_6,Conv_4,Relu_4,Conv_5,Conv_7,Conv_3,Relu_7,Relu_5,Relu_3,Concat_0,Conv_12,Relu_12,Conv_10,Relu_10,Conv_13,MaxPool_3,Conv_9,Conv_11,Relu_9,Conv_14,Relu_13,Relu_14,Relu_11,Concat_1,MaxPool_4,Conv_16,Conv_15,MaxPool_5,Relu_16,Conv_18,Relu_18,Conv_19,Conv_20,Relu_20,Relu_15,Conv_17,Relu_19,Relu_17,Concat_2,Conv_22,Conv_21,MaxPool_6,Relu_21,Conv_26,Relu_26,Conv_24,Relu_24,Relu_22,Conv_25,Conv_23,Relu_25,Relu_23,Concat_3,MaxPool_7,Conv_27,Conv_28,Conv_30,Relu_30,Conv_31,Relu_31,Conv_32,Relu_27,Relu_28,Relu_32,Conv_29,Relu_29,Concat_4,Conv_34,MaxPool_8,Conv_33,Conv_38,Relu_38,Relu_33,Relu_34,Conv_36,Conv_35,Relu_35,Relu_36,Conv_37,Relu_37,Concat_5,MaxPool_9,Conv_39,Conv_40,Conv_44,Conv_42,Relu_44,Relu_40,Relu_39,Relu_42,Conv_43,Conv_41,Relu_43,Relu_41,Concat_6,MaxPool_10,Conv_48,Conv_46,Relu_48,MaxPool_11,Conv_49,Conv_50,Relu_50,Conv_45,Relu_46,Relu_49,Relu_45,Conv_47,Relu_47,Concat_7,MaxPool_12,Conv_52,Relu_52,Conv_56,Relu_56,Conv_51,Conv_54,Conv_53,Relu_53,Relu_54,Conv_55,Relu_51,Relu_55,Concat_8,GlobalAveragePool_0,Flatten_0,Gemm_0,output
