0,input,Conv_0,Relu_0,Conv_1,Conv_2,Relu_1,Conv_3,Relu_2,Conv_4,Add_0,Relu_3,Conv_6,Relu_4,Conv_7,Conv_5,Relu_5,Conv_8,Add_1,Relu_6,Conv_9,Relu_7,Conv_10,Relu_8,Conv_11,Add_2,Relu_9,Conv_12,Conv_13,Relu_10,Conv_14,Relu_11,Conv_15,Add_3,Relu_12,Conv_16,Relu_13,Conv_17,Relu_14,Conv_18,Add_4,Relu_15,Conv_19,Relu_16,Conv_20,Relu_17,Conv_21,Add_5,Relu_18,Conv_22,Relu_19,Conv_23,Relu_20,Conv_24,Add_6,Relu_21,Conv_25,Relu_22,Conv_26,Relu_23,Conv_27,Add_7,Relu_24,Conv_28,Relu_25,Conv_29,Relu_26,Conv_30,Add_8,Relu_27,Conv_31,Relu_28,Conv_32,Relu_29,Conv_33,Add_9,Relu_30,Conv_35,Relu_31,Conv_34,Conv_36,Relu_32,Conv_37,Add_10,Relu_33,Conv_38,Relu_34,Conv_39,Relu_35,Conv_40,Add_11,Relu_36,Conv_41,Relu_37,Conv_42,Relu_38,Conv_43,Add_12,Relu_39,Conv_44,Relu_40,Conv_45,Relu_41,Conv_46,Add_13,Relu_42,Conv_47,Relu_43,Conv_48,Relu_44,Conv_49,Add_14,Relu_45,Conv_50,Relu_46,Conv_51,Relu_47,Conv_52,Add_15,Relu_48,Conv_53,Relu_49,Conv_54,Relu_50,Conv_55,Add_16,Relu_51,Conv_56,Relu_52,Conv_57,Relu_53,Conv_58,Add_17,Relu_54,Conv_59,Relu_55,Conv_60,Relu_56,Conv_61,Add_18,Relu_57,Conv_62,Relu_58,Conv_63,Relu_59,Conv_64,Add_19,Relu_60,Conv_65,Relu_61,Conv_66,Relu_62,Conv_67,Add_20,Relu_63,Conv_68,Relu_64,Conv_69,Relu_65,Conv_70,Add_21,Relu_66,GlobalAveragePool_0,Flatten_0,Gemm_0,output
1,input,Conv_0,Relu_0,Conv_1,Conv_2,Relu_1,Conv_3,Relu_2,Conv_4,Add_0,Relu_3,Conv_6,Relu_4,Conv_7,Relu_5,Conv_5,Conv_8,Add_1,Relu_6,Conv_9,Relu_7,Conv_10,Relu_8,Conv_11,Add_2,Relu_9,Conv_13,Relu_10,Conv_14,Relu_11,Conv_15,Conv_12,Add_3,Relu_12,Conv_16,Relu_13,Conv_17,Relu_14,Conv_18,Add_4,Relu_15,Conv_19,Relu_16,Conv_20,Relu_17,Conv_21,Add_5,Relu_18,Conv_22,Relu_19,Conv_23,Relu_20,Conv_24,Add_6,Relu_21,Conv_25,Relu_22,Conv_26,Relu_23,Conv_27,Add_7,Relu_24,Conv_28,Relu_25,Conv_29,Relu_26,Conv_30,Add_8,Relu_27,Conv_31,Relu_28,Conv_32,Relu_29,Conv_33,Add_9,Relu_30,Conv_35,Relu_31,Conv_36,Relu_32,Conv_37,Conv_34,Add_10,Relu_33,Conv_38,Relu_34,Conv_39,Relu_35,Conv_40,Add_11,Relu_36,Conv_41,Relu_37,Conv_42,Relu_38,Conv_43,Add_12,Relu_39,Conv_44,Relu_40,Conv_45,Relu_41,Conv_46,Add_13,Relu_42,Conv_47,Relu_43,Conv_48,Relu_44,Conv_49,Add_14,Relu_45,Conv_50,Relu_46,Conv_51,Relu_47,Conv_52,Add_15,Relu_48,Conv_53,Relu_49,Conv_54,Relu_50,Conv_55,Add_16,Relu_51,Conv_56,Relu_52,Conv_57,Relu_53,Conv_58,Add_17,Relu_54,Conv_59,Relu_55,Conv_60,Relu_56,Conv_61,Add_18,Relu_57,Conv_62,Relu_58,Conv_63,Relu_59,Conv_64,Add_19,Relu_60,Conv_65,Relu_61,Conv_66,Relu_62,Conv_67,Add_20,Relu_63,Conv_68,Relu_64,Conv_69,Relu_65,Conv_70,Add_21,Relu_66,GlobalAveragePool_0,Flatten_0,Gemm_0,output
2,input,Conv_0,Relu_0,Conv_1,Conv_2,Relu_1,Conv_3,Relu_2,Conv_4,Add_0,Relu_3,Conv_6,Relu_4,Conv_7,Relu_5,Conv_8,Conv_5,Add_1,Relu_6,Conv_9,Relu_7,Conv_10,Relu_8,Conv_11,Add_2,Relu_9,Conv_13,Relu_10,Conv_14,Relu_11,Conv_12,Conv_15,Add_3,Relu_12,Conv_16,Relu_13,Conv_17,Relu_14,Conv_18,Add_4,Relu_15,Conv_19,Relu_16,Conv_20,Relu_17,Conv_21,Add_5,Relu_18,Conv_22,Relu_19,Conv_23,Relu_20,Conv_24,Add_6,Relu_21,Conv_25,Relu_22,Conv_26,Relu_23,Conv_27,Add_7,Relu_24,Conv_28,Relu_25,Conv_29,Relu_26,Conv_30,Add_8,Relu_27,Conv_31,Relu_28,Conv_32,Relu_29,Conv_33,Add_9,Relu_30,Conv_35,Relu_31,Conv_36,Relu_32,Conv_37,Conv_34,Add_10,Relu_33,Conv_38,Relu_34,Conv_39,Relu_35,Conv_40,Add_11,Relu_36,Conv_41,Relu_37,Conv_42,Relu_38,Conv_43,Add_12,Relu_39,Conv_44,Relu_40,Conv_45,Relu_41,Conv_46,Add_13,Relu_42,Conv_47,Relu_43,Conv_48,Relu_44,Conv_49,Add_14,Relu_45,Conv_50,Relu_46,Conv_51,Relu_47,Conv_52,Add_15,Relu_48,Conv_53,Relu_49,Conv_54,Relu_50,Conv_55,Add_16,Relu_51,Conv_56,Relu_52,Conv_57,Relu_53,Conv_58,Add_17,Relu_54,Conv_59,Relu_55,Conv_60,Relu_56,Conv_61,Add_18,Relu_57,Conv_62,Relu_58,Conv_63,Relu_59,Conv_64,Add_19,Relu_60,Conv_65,Relu_61,Conv_66,Relu_62,Conv_67,Add_20,Relu_63,Conv_68,Relu_64,Conv_69,Relu_65,Conv_70,Add_21,Relu_66,GlobalAveragePool_0,Flatten_0,Gemm_0,output
3,input,Conv_0,Relu_0,Conv_1,Conv_2,Relu_1,Conv_3,Relu_2,Conv_4,Add_0,Relu_3,Conv_6,Relu_4,Conv_7,Relu_5,Conv_8,Conv_5,Add_1,Relu_6,Conv_9,Relu_7,Conv_10,Relu_8,Conv_11,Add_2,Relu_9,Conv_13,Relu_10,Conv_14,Relu_11,Conv_15,Conv_12,Add_3,Relu_12,Conv_16,Relu_13,Conv_17,Relu_14,Conv_18,Add_4,Relu_15,Conv_19,Relu_16,Conv_20,Relu_17,Conv_21,Add_5,Relu_18,Conv_22,Relu_19,Conv_23,Relu_20,Conv_24,Add_6,Relu_21,Conv_25,Relu_22,Conv_26,Relu_23,Conv_27,Add_7,Relu_24,Conv_28,Relu_25,Conv_29,Relu_26,Conv_30,Add_8,Relu_27,Conv_31,Relu_28,Conv_32,Relu_29,Conv_33,Add_9,Relu_30,Conv_35,Relu_31,Conv_36,Relu_32,Conv_37,Conv_34,Add_10,Relu_33,Conv_38,Relu_34,Conv_39,Relu_35,Conv_40,Add_11,Relu_36,Conv_41,Relu_37,Conv_42,Relu_38,Conv_43,Add_12,Relu_39,Conv_44,Relu_40,Conv_45,Relu_41,Conv_46,Add_13,Relu_42,Conv_47,Relu_43,Conv_48,Relu_44,Conv_49,Add_14,Relu_45,Conv_50,Relu_46,Conv_51,Relu_47,Conv_52,Add_15,Relu_48,Conv_53,Relu_49,Conv_54,Relu_50,Conv_55,Add_16,Relu_51,Conv_56,Relu_52,Conv_57,Relu_53,Conv_58,Add_17,Relu_54,Conv_59,Relu_55,Conv_60,Relu_56,Conv_61,Add_18,Relu_57,Conv_62,Relu_58,Conv_63,Relu_59,Conv_64,Add_19,Relu_60,Conv_65,Relu_61,Conv_66,Relu_62,Conv_67,Add_20,Relu_63,Conv_68,Relu_64,Conv_69,Relu_65,Conv_70,Add_21,Relu_66,GlobalAveragePool_0,Flatten_0,Gemm_0,output
4,input,Conv_0,Relu_0,Conv_2,Conv_1,Relu_1,Conv_3,Relu_2,Conv_4,Add_0,Relu_3,Conv_6,Relu_4,Conv_7,Relu_5,Conv_5,Conv_8,Add_1,Relu_6,Conv_9,Relu_7,Conv_10,Relu_8,Conv_11,Add_2,Relu_9,Conv_13,Relu_10,Conv_14,Relu_11,Conv_15,Conv_12,Add_3,Relu_12,Conv_16,Relu_13,Conv_17,Relu_14,Conv_18,Add_4,Relu_15,Conv_19,Relu_16,Conv_20,Relu_17,Conv_21,Add_5,Relu_18,Conv_22,Relu_19,Conv_23,Relu_20,Conv_24,Add_6,Relu_21,Conv_25,Relu_22,Conv_26,Relu_23,Conv_27,Add_7,Relu_24,Conv_28,Relu_25,Conv_29,Relu_26,Conv_30,Add_8,Relu_27,Conv_31,Relu_28,Conv_32,Relu_29,Conv_33,Add_9,Relu_30,Conv_35,Conv_34,Relu_31,Conv_36,Relu_32,Conv_37,Add_10,Relu_33,Conv_38,Relu_34,Conv_39,Relu_35,Conv_40,Add_11,Relu_36,Conv_41,Relu_37,Conv_42,Relu_38,Conv_43,Add_12,Relu_39,Conv_44,Relu_40,Conv_45,Relu_41,Conv_46,Add_13,Relu_42,Conv_47,Relu_43,Conv_48,Relu_44,Conv_49,Add_14,Relu_45,Conv_50,Relu_46,Conv_51,Relu_47,Conv_52,Add_15,Relu_48,Conv_53,Relu_49,Conv_54,Relu_50,Conv_55,Add_16,Relu_51,Conv_56,Relu_52,Conv_57,Relu_53,Conv_58,Add_17,Relu_54,Conv_59,Relu_55,Conv_60,Relu_56,Conv_61,Add_18,Relu_57,Conv_62,Relu_58,Conv_63,Relu_59,Conv_64,Add_19,Relu_60,Conv_65,Relu_61,Conv_66,Relu_62,Conv_67,Add_20,Relu_63,Conv_68,Relu_64,Conv_69,Relu_65,Conv_70,Add_21,Relu_66,GlobalAveragePool_0,Flatten_0,Gemm_0,output
5,input,Conv_0,Relu_0,Conv_2,Conv_1,Relu_1,Conv_3,Relu_2,Conv_4,Add_0,Relu_3,Conv_6,Relu_4,Conv_7,Relu_5,Conv_8,Conv_5,Add_1,Relu_6,Conv_9,Relu_7,Conv_10,Relu_8,Conv_11,Add_2,Relu_9,Conv_13,Relu_10,Conv_14,Relu_11,Conv_12,Conv_15,Add_3,Relu_12,Conv_16,Relu_13,Conv_17,Relu_14,Conv_18,Add_4,Relu_15,Conv_19,Relu_16,Conv_20,Relu_17,Conv_21,Add_5,Relu_18,Conv_22,Relu_19,Conv_23,Relu_20,Conv_24,Add_6,Relu_21,Conv_25,Relu_22,Conv_26,Relu_23,Conv_27,Add_7,Relu_24,Conv_28,Relu_25,Conv_29,Relu_26,Conv_30,Add_8,Relu_27,Conv_31,Relu_28,Conv_32,Relu_29,Conv_33,Add_9,Relu_30,Conv_35,Relu_31,Conv_36,Conv_34,Relu_32,Conv_37,Add_10,Relu_33,Conv_38,Relu_34,Conv_39,Relu_35,Conv_40,Add_11,Relu_36,Conv_41,Relu_37,Conv_42,Relu_38,Conv_43,Add_12,Relu_39,Conv_44,Relu_40,Conv_45,Relu_41,Conv_46,Add_13,Relu_42,Conv_47,Relu_43,Conv_48,Relu_44,Conv_49,Add_14,Relu_45,Conv_50,Relu_46,Conv_51,Relu_47,Conv_52,Add_15,Relu_48,Conv_53,Relu_49,Conv_54,Relu_50,Conv_55,Add_16,Relu_51,Conv_56,Relu_52,Conv_57,Relu_53,Conv_58,Add_17,Relu_54,Conv_59,Relu_55,Conv_60,Relu_56,Conv_61,Add_18,Relu_57,Conv_62,Relu_58,Conv_63,Relu_59,Conv_64,Add_19,Relu_60,Conv_65,Relu_61,Conv_66,Relu_62,Conv_67,Add_20,Relu_63,Conv_68,Relu_64,Conv_69,Relu_65,Conv_70,Add_21,Relu_66,GlobalAveragePool_0,Flatten_0,Gemm_0,output
6,input,Conv_0,Relu_0,Conv_2,Relu_1,Conv_1,Conv_3,Relu_2,Conv_4,Add_0,Relu_3,Conv_5,Conv_6,Relu_4,Conv_7,Relu_5,Conv_8,Add_1,Relu_6,Conv_9,Relu_7,Conv_10,Relu_8,Conv_11,Add_2,Relu_9,Conv_13,Conv_12,Relu_10,Conv_14,Relu_11,Conv_15,Add_3,Relu_12,Conv_16,Relu_13,Conv_17,Relu_14,Conv_18,Add_4,Relu_15,Conv_19,Relu_16,Conv_20,Relu_17,Conv_21,Add_5,Relu_18,Conv_22,Relu_19,Conv_23,Relu_20,Conv_24,Add_6,Relu_21,Conv_25,Relu_22,Conv_26,Relu_23,Conv_27,Add_7,Relu_24,Conv_28,Relu_25,Conv_29,Relu_26,Conv_30,Add_8,Relu_27,Conv_31,Relu_28,Conv_32,Relu_29,Conv_33,Add_9,Relu_30,Conv_34,Conv_35,Relu_31,Conv_36,Relu_32,Conv_37,Add_10,Relu_33,Conv_38,Relu_34,Conv_39,Relu_35,Conv_40,Add_11,Relu_36,Conv_41,Relu_37,Conv_42,Relu_38,Conv_43,Add_12,Relu_39,Conv_44,Relu_40,Conv_45,Relu_41,Conv_46,Add_13,Relu_42,Conv_47,Relu_43,Conv_48,Relu_44,Conv_49,Add_14,Relu_45,Conv_50,Relu_46,Conv_51,Relu_47,Conv_52,Add_15,Relu_48,Conv_53,Relu_49,Conv_54,Relu_50,Conv_55,Add_16,Relu_51,Conv_56,Relu_52,Conv_57,Relu_53,Conv_58,Add_17,Relu_54,Conv_59,Relu_55,Conv_60,Relu_56,Conv_61,Add_18,Relu_57,Conv_62,Relu_58,Conv_63,Relu_59,Conv_64,Add_19,Relu_60,Conv_65,Relu_61,Conv_66,Relu_62,Conv_67,Add_20,Relu_63,Conv_68,Relu_64,Conv_69,Relu_65,Conv_70,Add_21,Relu_66,GlobalAveragePool_0,Flatten_0,Gemm_0,output
7,input,Conv_0,Relu_0,Conv_2,Relu_1,Conv_1,Conv_3,Relu_2,Conv_4,Add_0,Relu_3,Conv_6,Relu_4,Conv_7,Conv_5,Relu_5,Conv_8,Add_1,Relu_6,Conv_9,Relu_7,Conv_10,Relu_8,Conv_11,Add_2,Relu_9,Conv_13,Relu_10,Conv_12,Conv_14,Relu_11,Conv_15,Add_3,Relu_12,Conv_16,Relu_13,Conv_17,Relu_14,Conv_18,Add_4,Relu_15,Conv_19,Relu_16,Conv_20,Relu_17,Conv_21,Add_5,Relu_18,Conv_22,Relu_19,Conv_23,Relu_20,Conv_24,Add_6,Relu_21,Conv_25,Relu_22,Conv_26,Relu_23,Conv_27,Add_7,Relu_24,Conv_28,Relu_25,Conv_29,Relu_26,Conv_30,Add_8,Relu_27,Conv_31,Relu_28,Conv_32,Relu_29,Conv_33,Add_9,Relu_30,Conv_35,Relu_31,Conv_36,Relu_32,Conv_34,Conv_37,Add_10,Relu_33,Conv_38,Relu_34,Conv_39,Relu_35,Conv_40,Add_11,Relu_36,Conv_41,Relu_37,Conv_42,Relu_38,Conv_43,Add_12,Relu_39,Conv_44,Relu_40,Conv_45,Relu_41,Conv_46,Add_13,Relu_42,Conv_47,Relu_43,Conv_48,Relu_44,Conv_49,Add_14,Relu_45,Conv_50,Relu_46,Conv_51,Relu_47,Conv_52,Add_15,Relu_48,Conv_53,Relu_49,Conv_54,Relu_50,Conv_55,Add_16,Relu_51,Conv_56,Relu_52,Conv_57,Relu_53,Conv_58,Add_17,Relu_54,Conv_59,Relu_55,Conv_60,Relu_56,Conv_61,Add_18,Relu_57,Conv_62,Relu_58,Conv_63,Relu_59,Conv_64,Add_19,Relu_60,Conv_65,Relu_61,Conv_66,Relu_62,Conv_67,Add_20,Relu_63,Conv_68,Relu_64,Conv_69,Relu_65,Conv_70,Add_21,Relu_66,GlobalAveragePool_0,Flatten_0,Gemm_0,output
8,input,Conv_0,Relu_0,Conv_2,Relu_1,Conv_1,Conv_3,Relu_2,Conv_4,Add_0,Relu_3,Conv_6,Relu_4,Conv_7,Conv_5,Relu_5,Conv_8,Add_1,Relu_6,Conv_9,Relu_7,Conv_10,Relu_8,Conv_11,Add_2,Relu_9,Conv_13,Relu_10,Conv_14,Relu_11,Conv_12,Conv_15,Add_3,Relu_12,Conv_16,Relu_13,Conv_17,Relu_14,Conv_18,Add_4,Relu_15,Conv_19,Relu_16,Conv_20,Relu_17,Conv_21,Add_5,Relu_18,Conv_22,Relu_19,Conv_23,Relu_20,Conv_24,Add_6,Relu_21,Conv_25,Relu_22,Conv_26,Relu_23,Conv_27,Add_7,Relu_24,Conv_28,Relu_25,Conv_29,Relu_26,Conv_30,Add_8,Relu_27,Conv_31,Relu_28,Conv_32,Relu_29,Conv_33,Add_9,Relu_30,Conv_35,Relu_31,Conv_36,Relu_32,Conv_37,Conv_34,Add_10,Relu_33,Conv_38,Relu_34,Conv_39,Relu_35,Conv_40,Add_11,Relu_36,Conv_41,Relu_37,Conv_42,Relu_38,Conv_43,Add_12,Relu_39,Conv_44,Relu_40,Conv_45,Relu_41,Conv_46,Add_13,Relu_42,Conv_47,Relu_43,Conv_48,Relu_44,Conv_49,Add_14,Relu_45,Conv_50,Relu_46,Conv_51,Relu_47,Conv_52,Add_15,Relu_48,Conv_53,Relu_49,Conv_54,Relu_50,Conv_55,Add_16,Relu_51,Conv_56,Relu_52,Conv_57,Relu_53,Conv_58,Add_17,Relu_54,Conv_59,Relu_55,Conv_60,Relu_56,Conv_61,Add_18,Relu_57,Conv_62,Relu_58,Conv_63,Relu_59,Conv_64,Add_19,Relu_60,Conv_65,Relu_61,Conv_66,Relu_62,Conv_67,Add_20,Relu_63,Conv_68,Relu_64,Conv_69,Relu_65,Conv_70,Add_21,Relu_66,GlobalAveragePool_0,Flatten_0,Gemm_0,output
9,input,Conv_0,Relu_0,Conv_2,Relu_1,Conv_1,Conv_3,Relu_2,Conv_4,Add_0,Relu_3,Conv_6,Relu_4,Conv_7,Conv_5,Relu_5,Conv_8,Add_1,Relu_6,Conv_9,Relu_7,Conv_10,Relu_8,Conv_11,Add_2,Relu_9,Conv_13,Relu_10,Conv_14,Relu_11,Conv_15,Conv_12,Add_3,Relu_12,Conv_16,Relu_13,Conv_17,Relu_14,Conv_18,Add_4,Relu_15,Conv_19,Relu_16,Conv_20,Relu_17,Conv_21,Add_5,Relu_18,Conv_22,Relu_19,Conv_23,Relu_20,Conv_24,Add_6,Relu_21,Conv_25,Relu_22,Conv_26,Relu_23,Conv_27,Add_7,Relu_24,Conv_28,Relu_25,Conv_29,Relu_26,Conv_30,Add_8,Relu_27,Conv_31,Relu_28,Conv_32,Relu_29,Conv_33,Add_9,Relu_30,Conv_35,Conv_34,Relu_31,Conv_36,Relu_32,Conv_37,Add_10,Relu_33,Conv_38,Relu_34,Conv_39,Relu_35,Conv_40,Add_11,Relu_36,Conv_41,Relu_37,Conv_42,Relu_38,Conv_43,Add_12,Relu_39,Conv_44,Relu_40,Conv_45,Relu_41,Conv_46,Add_13,Relu_42,Conv_47,Relu_43,Conv_48,Relu_44,Conv_49,Add_14,Relu_45,Conv_50,Relu_46,Conv_51,Relu_47,Conv_52,Add_15,Relu_48,Conv_53,Relu_49,Conv_54,Relu_50,Conv_55,Add_16,Relu_51,Conv_56,Relu_52,Conv_57,Relu_53,Conv_58,Add_17,Relu_54,Conv_59,Relu_55,Conv_60,Relu_56,Conv_61,Add_18,Relu_57,Conv_62,Relu_58,Conv_63,Relu_59,Conv_64,Add_19,Relu_60,Conv_65,Relu_61,Conv_66,Relu_62,Conv_67,Add_20,Relu_63,Conv_68,Relu_64,Conv_69,Relu_65,Conv_70,Add_21,Relu_66,GlobalAveragePool_0,Flatten_0,Gemm_0,output
10,input,Conv_0,Relu_0,Conv_2,Relu_1,Conv_1,Conv_3,Relu_2,Conv_4,Add_0,Relu_3,Conv_6,Relu_4,Conv_7,Relu_5,Conv_8,Conv_5,Add_1,Relu_6,Conv_9,Relu_7,Conv_10,Relu_8,Conv_11,Add_2,Relu_9,Conv_13,Relu_10,Conv_14,Relu_11,Conv_15,Conv_12,Add_3,Relu_12,Conv_16,Relu_13,Conv_17,Relu_14,Conv_18,Add_4,Relu_15,Conv_19,Relu_16,Conv_20,Relu_17,Conv_21,Add_5,Relu_18,Conv_22,Relu_19,Conv_23,Relu_20,Conv_24,Add_6,Relu_21,Conv_25,Relu_22,Conv_26,Relu_23,Conv_27,Add_7,Relu_24,Conv_28,Relu_25,Conv_29,Relu_26,Conv_30,Add_8,Relu_27,Conv_31,Relu_28,Conv_32,Relu_29,Conv_33,Add_9,Relu_30,Conv_35,Relu_31,Conv_36,Relu_32,Conv_37,Conv_34,Add_10,Relu_33,Conv_38,Relu_34,Conv_39,Relu_35,Conv_40,Add_11,Relu_36,Conv_41,Relu_37,Conv_42,Relu_38,Conv_43,Add_12,Relu_39,Conv_44,Relu_40,Conv_45,Relu_41,Conv_46,Add_13,Relu_42,Conv_47,Relu_43,Conv_48,Relu_44,Conv_49,Add_14,Relu_45,Conv_50,Relu_46,Conv_51,Relu_47,Conv_52,Add_15,Relu_48,Conv_53,Relu_49,Conv_54,Relu_50,Conv_55,Add_16,Relu_51,Conv_56,Relu_52,Conv_57,Relu_53,Conv_58,Add_17,Relu_54,Conv_59,Relu_55,Conv_60,Relu_56,Conv_61,Add_18,Relu_57,Conv_62,Relu_58,Conv_63,Relu_59,Conv_64,Add_19,Relu_60,Conv_65,Relu_61,Conv_66,Relu_62,Conv_67,Add_20,Relu_63,Conv_68,Relu_64,Conv_69,Relu_65,Conv_70,Add_21,Relu_66,GlobalAveragePool_0,Flatten_0,Gemm_0,output
11,input,Conv_0,Relu_0,Conv_2,Relu_1,Conv_3,Conv_1,Relu_2,Conv_4,Add_0,Relu_3,Conv_6,Relu_4,Conv_7,Conv_5,Relu_5,Conv_8,Add_1,Relu_6,Conv_9,Relu_7,Conv_10,Relu_8,Conv_11,Add_2,Relu_9,Conv_13,Relu_10,Conv_14,Relu_11,Conv_15,Conv_12,Add_3,Relu_12,Conv_16,Relu_13,Conv_17,Relu_14,Conv_18,Add_4,Relu_15,Conv_19,Relu_16,Conv_20,Relu_17,Conv_21,Add_5,Relu_18,Conv_22,Relu_19,Conv_23,Relu_20,Conv_24,Add_6,Relu_21,Conv_25,Relu_22,Conv_26,Relu_23,Conv_27,Add_7,Relu_24,Conv_28,Relu_25,Conv_29,Relu_26,Conv_30,Add_8,Relu_27,Conv_31,Relu_28,Conv_32,Relu_29,Conv_33,Add_9,Relu_30,Conv_35,Relu_31,Conv_36,Conv_34,Relu_32,Conv_37,Add_10,Relu_33,Conv_38,Relu_34,Conv_39,Relu_35,Conv_40,Add_11,Relu_36,Conv_41,Relu_37,Conv_42,Relu_38,Conv_43,Add_12,Relu_39,Conv_44,Relu_40,Conv_45,Relu_41,Conv_46,Add_13,Relu_42,Conv_47,Relu_43,Conv_48,Relu_44,Conv_49,Add_14,Relu_45,Conv_50,Relu_46,Conv_51,Relu_47,Conv_52,Add_15,Relu_48,Conv_53,Relu_49,Conv_54,Relu_50,Conv_55,Add_16,Relu_51,Conv_56,Relu_52,Conv_57,Relu_53,Conv_58,Add_17,Relu_54,Conv_59,Relu_55,Conv_60,Relu_56,Conv_61,Add_18,Relu_57,Conv_62,Relu_58,Conv_63,Relu_59,Conv_64,Add_19,Relu_60,Conv_65,Relu_61,Conv_66,Relu_62,Conv_67,Add_20,Relu_63,Conv_68,Relu_64,Conv_69,Relu_65,Conv_70,Add_21,Relu_66,GlobalAveragePool_0,Flatten_0,Gemm_0,output
12,input,Conv_0,Relu_0,Conv_2,Relu_1,Conv_3,Conv_1,Relu_2,Conv_4,Add_0,Relu_3,Conv_6,Relu_4,Conv_7,Relu_5,Conv_5,Conv_8,Add_1,Relu_6,Conv_9,Relu_7,Conv_10,Relu_8,Conv_11,Add_2,Relu_9,Conv_13,Relu_10,Conv_14,Relu_11,Conv_15,Conv_12,Add_3,Relu_12,Conv_16,Relu_13,Conv_17,Relu_14,Conv_18,Add_4,Relu_15,Conv_19,Relu_16,Conv_20,Relu_17,Conv_21,Add_5,Relu_18,Conv_22,Relu_19,Conv_23,Relu_20,Conv_24,Add_6,Relu_21,Conv_25,Relu_22,Conv_26,Relu_23,Conv_27,Add_7,Relu_24,Conv_28,Relu_25,Conv_29,Relu_26,Conv_30,Add_8,Relu_27,Conv_31,Relu_28,Conv_32,Relu_29,Conv_33,Add_9,Relu_30,Conv_34,Conv_35,Relu_31,Conv_36,Relu_32,Conv_37,Add_10,Relu_33,Conv_38,Relu_34,Conv_39,Relu_35,Conv_40,Add_11,Relu_36,Conv_41,Relu_37,Conv_42,Relu_38,Conv_43,Add_12,Relu_39,Conv_44,Relu_40,Conv_45,Relu_41,Conv_46,Add_13,Relu_42,Conv_47,Relu_43,Conv_48,Relu_44,Conv_49,Add_14,Relu_45,Conv_50,Relu_46,Conv_51,Relu_47,Conv_52,Add_15,Relu_48,Conv_53,Relu_49,Conv_54,Relu_50,Conv_55,Add_16,Relu_51,Conv_56,Relu_52,Conv_57,Relu_53,Conv_58,Add_17,Relu_54,Conv_59,Relu_55,Conv_60,Relu_56,Conv_61,Add_18,Relu_57,Conv_62,Relu_58,Conv_63,Relu_59,Conv_64,Add_19,Relu_60,Conv_65,Relu_61,Conv_66,Relu_62,Conv_67,Add_20,Relu_63,Conv_68,Relu_64,Conv_69,Relu_65,Conv_70,Add_21,Relu_66,GlobalAveragePool_0,Flatten_0,Gemm_0,output
13,input,Conv_0,Relu_0,Conv_2,Relu_1,Conv_3,Conv_1,Relu_2,Conv_4,Add_0,Relu_3,Conv_6,Relu_4,Conv_7,Relu_5,Conv_8,Conv_5,Add_1,Relu_6,Conv_9,Relu_7,Conv_10,Relu_8,Conv_11,Add_2,Relu_9,Conv_13,Conv_12,Relu_10,Conv_14,Relu_11,Conv_15,Add_3,Relu_12,Conv_16,Relu_13,Conv_17,Relu_14,Conv_18,Add_4,Relu_15,Conv_19,Relu_16,Conv_20,Relu_17,Conv_21,Add_5,Relu_18,Conv_22,Relu_19,Conv_23,Relu_20,Conv_24,Add_6,Relu_21,Conv_25,Relu_22,Conv_26,Relu_23,Conv_27,Add_7,Relu_24,Conv_28,Relu_25,Conv_29,Relu_26,Conv_30,Add_8,Relu_27,Conv_31,Relu_28,Conv_32,Relu_29,Conv_33,Add_9,Relu_30,Conv_35,Relu_31,Conv_34,Conv_36,Relu_32,Conv_37,Add_10,Relu_33,Conv_38,Relu_34,Conv_39,Relu_35,Conv_40,Add_11,Relu_36,Conv_41,Relu_37,Conv_42,Relu_38,Conv_43,Add_12,Relu_39,Conv_44,Relu_40,Conv_45,Relu_41,Conv_46,Add_13,Relu_42,Conv_47,Relu_43,Conv_48,Relu_44,Conv_49,Add_14,Relu_45,Conv_50,Relu_46,Conv_51,Relu_47,Conv_52,Add_15,Relu_48,Conv_53,Relu_49,Conv_54,Relu_50,Conv_55,Add_16,Relu_51,Conv_56,Relu_52,Conv_57,Relu_53,Conv_58,Add_17,Relu_54,Conv_59,Relu_55,Conv_60,Relu_56,Conv_61,Add_18,Relu_57,Conv_62,Relu_58,Conv_63,Relu_59,Conv_64,Add_19,Relu_60,Conv_65,Relu_61,Conv_66,Relu_62,Conv_67,Add_20,Relu_63,Conv_68,Relu_64,Conv_69,Relu_65,Conv_70,Add_21,Relu_66,GlobalAveragePool_0,Flatten_0,Gemm_0,output
14,input,Conv_0,Relu_0,Conv_2,Relu_1,Conv_3,Conv_1,Relu_2,Conv_4,Add_0,Relu_3,Conv_6,Relu_4,Conv_7,Relu_5,Conv_8,Conv_5,Add_1,Relu_6,Conv_9,Relu_7,Conv_10,Relu_8,Conv_11,Add_2,Relu_9,Conv_13,Relu_10,Conv_14,Relu_11,Conv_15,Conv_12,Add_3,Relu_12,Conv_16,Relu_13,Conv_17,Relu_14,Conv_18,Add_4,Relu_15,Conv_19,Relu_16,Conv_20,Relu_17,Conv_21,Add_5,Relu_18,Conv_22,Relu_19,Conv_23,Relu_20,Conv_24,Add_6,Relu_21,Conv_25,Relu_22,Conv_26,Relu_23,Conv_27,Add_7,Relu_24,Conv_28,Relu_25,Conv_29,Relu_26,Conv_30,Add_8,Relu_27,Conv_31,Relu_28,Conv_32,Relu_29,Conv_33,Add_9,Relu_30,Conv_34,Conv_35,Relu_31,Conv_36,Relu_32,Conv_37,Add_10,Relu_33,Conv_38,Relu_34,Conv_39,Relu_35,Conv_40,Add_11,Relu_36,Conv_41,Relu_37,Conv_42,Relu_38,Conv_43,Add_12,Relu_39,Conv_44,Relu_40,Conv_45,Relu_41,Conv_46,Add_13,Relu_42,Conv_47,Relu_43,Conv_48,Relu_44,Conv_49,Add_14,Relu_45,Conv_50,Relu_46,Conv_51,Relu_47,Conv_52,Add_15,Relu_48,Conv_53,Relu_49,Conv_54,Relu_50,Conv_55,Add_16,Relu_51,Conv_56,Relu_52,Conv_57,Relu_53,Conv_58,Add_17,Relu_54,Conv_59,Relu_55,Conv_60,Relu_56,Conv_61,Add_18,Relu_57,Conv_62,Relu_58,Conv_63,Relu_59,Conv_64,Add_19,Relu_60,Conv_65,Relu_61,Conv_66,Relu_62,Conv_67,Add_20,Relu_63,Conv_68,Relu_64,Conv_69,Relu_65,Conv_70,Add_21,Relu_66,GlobalAveragePool_0,Flatten_0,Gemm_0,output
15,input,Conv_0,Relu_0,Conv_2,Relu_1,Conv_3,Conv_1,Relu_2,Conv_4,Add_0,Relu_3,Conv_6,Relu_4,Conv_7,Relu_5,Conv_8,Conv_5,Add_1,Relu_6,Conv_9,Relu_7,Conv_10,Relu_8,Conv_11,Add_2,Relu_9,Conv_13,Relu_10,Conv_14,Relu_11,Conv_15,Conv_12,Add_3,Relu_12,Conv_16,Relu_13,Conv_17,Relu_14,Conv_18,Add_4,Relu_15,Conv_19,Relu_16,Conv_20,Relu_17,Conv_21,Add_5,Relu_18,Conv_22,Relu_19,Conv_23,Relu_20,Conv_24,Add_6,Relu_21,Conv_25,Relu_22,Conv_26,Relu_23,Conv_27,Add_7,Relu_24,Conv_28,Relu_25,Conv_29,Relu_26,Conv_30,Add_8,Relu_27,Conv_31,Relu_28,Conv_32,Relu_29,Conv_33,Add_9,Relu_30,Conv_35,Relu_31,Conv_36,Relu_32,Conv_34,Conv_37,Add_10,Relu_33,Conv_38,Relu_34,Conv_39,Relu_35,Conv_40,Add_11,Relu_36,Conv_41,Relu_37,Conv_42,Relu_38,Conv_43,Add_12,Relu_39,Conv_44,Relu_40,Conv_45,Relu_41,Conv_46,Add_13,Relu_42,Conv_47,Relu_43,Conv_48,Relu_44,Conv_49,Add_14,Relu_45,Conv_50,Relu_46,Conv_51,Relu_47,Conv_52,Add_15,Relu_48,Conv_53,Relu_49,Conv_54,Relu_50,Conv_55,Add_16,Relu_51,Conv_56,Relu_52,Conv_57,Relu_53,Conv_58,Add_17,Relu_54,Conv_59,Relu_55,Conv_60,Relu_56,Conv_61,Add_18,Relu_57,Conv_62,Relu_58,Conv_63,Relu_59,Conv_64,Add_19,Relu_60,Conv_65,Relu_61,Conv_66,Relu_62,Conv_67,Add_20,Relu_63,Conv_68,Relu_64,Conv_69,Relu_65,Conv_70,Add_21,Relu_66,GlobalAveragePool_0,Flatten_0,Gemm_0,output
16,input,Conv_0,Relu_0,Conv_2,Relu_1,Conv_3,Conv_1,Relu_2,Conv_4,Add_0,Relu_3,Conv_6,Relu_4,Conv_7,Relu_5,Conv_8,Conv_5,Add_1,Relu_6,Conv_9,Relu_7,Conv_10,Relu_8,Conv_11,Add_2,Relu_9,Conv_13,Relu_10,Conv_14,Relu_11,Conv_15,Conv_12,Add_3,Relu_12,Conv_16,Relu_13,Conv_17,Relu_14,Conv_18,Add_4,Relu_15,Conv_19,Relu_16,Conv_20,Relu_17,Conv_21,Add_5,Relu_18,Conv_22,Relu_19,Conv_23,Relu_20,Conv_24,Add_6,Relu_21,Conv_25,Relu_22,Conv_26,Relu_23,Conv_27,Add_7,Relu_24,Conv_28,Relu_25,Conv_29,Relu_26,Conv_30,Add_8,Relu_27,Conv_31,Relu_28,Conv_32,Relu_29,Conv_33,Add_9,Relu_30,Conv_35,Relu_31,Conv_36,Relu_32,Conv_37,Conv_34,Add_10,Relu_33,Conv_38,Relu_34,Conv_39,Relu_35,Conv_40,Add_11,Relu_36,Conv_41,Relu_37,Conv_42,Relu_38,Conv_43,Add_12,Relu_39,Conv_44,Relu_40,Conv_45,Relu_41,Conv_46,Add_13,Relu_42,Conv_47,Relu_43,Conv_48,Relu_44,Conv_49,Add_14,Relu_45,Conv_50,Relu_46,Conv_51,Relu_47,Conv_52,Add_15,Relu_48,Conv_53,Relu_49,Conv_54,Relu_50,Conv_55,Add_16,Relu_51,Conv_56,Relu_52,Conv_57,Relu_53,Conv_58,Add_17,Relu_54,Conv_59,Relu_55,Conv_60,Relu_56,Conv_61,Add_18,Relu_57,Conv_62,Relu_58,Conv_63,Relu_59,Conv_64,Add_19,Relu_60,Conv_65,Relu_61,Conv_66,Relu_62,Conv_67,Add_20,Relu_63,Conv_68,Relu_64,Conv_69,Relu_65,Conv_70,Add_21,Relu_66,GlobalAveragePool_0,Flatten_0,Gemm_0,output
17,input,Conv_0,Relu_0,Conv_2,Relu_1,Conv_3,Relu_2,Conv_1,Conv_4,Add_0,Relu_3,Conv_5,Conv_6,Relu_4,Conv_7,Relu_5,Conv_8,Add_1,Relu_6,Conv_9,Relu_7,Conv_10,Relu_8,Conv_11,Add_2,Relu_9,Conv_13,Relu_10,Conv_14,Relu_11,Conv_15,Conv_12,Add_3,Relu_12,Conv_16,Relu_13,Conv_17,Relu_14,Conv_18,Add_4,Relu_15,Conv_19,Relu_16,Conv_20,Relu_17,Conv_21,Add_5,Relu_18,Conv_22,Relu_19,Conv_23,Relu_20,Conv_24,Add_6,Relu_21,Conv_25,Relu_22,Conv_26,Relu_23,Conv_27,Add_7,Relu_24,Conv_28,Relu_25,Conv_29,Relu_26,Conv_30,Add_8,Relu_27,Conv_31,Relu_28,Conv_32,Relu_29,Conv_33,Add_9,Relu_30,Conv_34,Conv_35,Relu_31,Conv_36,Relu_32,Conv_37,Add_10,Relu_33,Conv_38,Relu_34,Conv_39,Relu_35,Conv_40,Add_11,Relu_36,Conv_41,Relu_37,Conv_42,Relu_38,Conv_43,Add_12,Relu_39,Conv_44,Relu_40,Conv_45,Relu_41,Conv_46,Add_13,Relu_42,Conv_47,Relu_43,Conv_48,Relu_44,Conv_49,Add_14,Relu_45,Conv_50,Relu_46,Conv_51,Relu_47,Conv_52,Add_15,Relu_48,Conv_53,Relu_49,Conv_54,Relu_50,Conv_55,Add_16,Relu_51,Conv_56,Relu_52,Conv_57,Relu_53,Conv_58,Add_17,Relu_54,Conv_59,Relu_55,Conv_60,Relu_56,Conv_61,Add_18,Relu_57,Conv_62,Relu_58,Conv_63,Relu_59,Conv_64,Add_19,Relu_60,Conv_65,Relu_61,Conv_66,Relu_62,Conv_67,Add_20,Relu_63,Conv_68,Relu_64,Conv_69,Relu_65,Conv_70,Add_21,Relu_66,GlobalAveragePool_0,Flatten_0,Gemm_0,output
18,input,Conv_0,Relu_0,Conv_2,Relu_1,Conv_3,Relu_2,Conv_1,Conv_4,Add_0,Relu_3,Conv_6,Relu_4,Conv_5,Conv_7,Relu_5,Conv_8,Add_1,Relu_6,Conv_9,Relu_7,Conv_10,Relu_8,Conv_11,Add_2,Relu_9,Conv_13,Relu_10,Conv_14,Relu_11,Conv_12,Conv_15,Add_3,Relu_12,Conv_16,Relu_13,Conv_17,Relu_14,Conv_18,Add_4,Relu_15,Conv_19,Relu_16,Conv_20,Relu_17,Conv_21,Add_5,Relu_18,Conv_22,Relu_19,Conv_23,Relu_20,Conv_24,Add_6,Relu_21,Conv_25,Relu_22,Conv_26,Relu_23,Conv_27,Add_7,Relu_24,Conv_28,Relu_25,Conv_29,Relu_26,Conv_30,Add_8,Relu_27,Conv_31,Relu_28,Conv_32,Relu_29,Conv_33,Add_9,Relu_30,Conv_35,Conv_34,Relu_31,Conv_36,Relu_32,Conv_37,Add_10,Relu_33,Conv_38,Relu_34,Conv_39,Relu_35,Conv_40,Add_11,Relu_36,Conv_41,Relu_37,Conv_42,Relu_38,Conv_43,Add_12,Relu_39,Conv_44,Relu_40,Conv_45,Relu_41,Conv_46,Add_13,Relu_42,Conv_47,Relu_43,Conv_48,Relu_44,Conv_49,Add_14,Relu_45,Conv_50,Relu_46,Conv_51,Relu_47,Conv_52,Add_15,Relu_48,Conv_53,Relu_49,Conv_54,Relu_50,Conv_55,Add_16,Relu_51,Conv_56,Relu_52,Conv_57,Relu_53,Conv_58,Add_17,Relu_54,Conv_59,Relu_55,Conv_60,Relu_56,Conv_61,Add_18,Relu_57,Conv_62,Relu_58,Conv_63,Relu_59,Conv_64,Add_19,Relu_60,Conv_65,Relu_61,Conv_66,Relu_62,Conv_67,Add_20,Relu_63,Conv_68,Relu_64,Conv_69,Relu_65,Conv_70,Add_21,Relu_66,GlobalAveragePool_0,Flatten_0,Gemm_0,output
19,input,Conv_0,Relu_0,Conv_2,Relu_1,Conv_3,Relu_2,Conv_1,Conv_4,Add_0,Relu_3,Conv_6,Relu_4,Conv_5,Conv_7,Relu_5,Conv_8,Add_1,Relu_6,Conv_9,Relu_7,Conv_10,Relu_8,Conv_11,Add_2,Relu_9,Conv_13,Relu_10,Conv_14,Relu_11,Conv_15,Conv_12,Add_3,Relu_12,Conv_16,Relu_13,Conv_17,Relu_14,Conv_18,Add_4,Relu_15,Conv_19,Relu_16,Conv_20,Relu_17,Conv_21,Add_5,Relu_18,Conv_22,Relu_19,Conv_23,Relu_20,Conv_24,Add_6,Relu_21,Conv_25,Relu_22,Conv_26,Relu_23,Conv_27,Add_7,Relu_24,Conv_28,Relu_25,Conv_29,Relu_26,Conv_30,Add_8,Relu_27,Conv_31,Relu_28,Conv_32,Relu_29,Conv_33,Add_9,Relu_30,Conv_35,Relu_31,Conv_36,Relu_32,Conv_37,Conv_34,Add_10,Relu_33,Conv_38,Relu_34,Conv_39,Relu_35,Conv_40,Add_11,Relu_36,Conv_41,Relu_37,Conv_42,Relu_38,Conv_43,Add_12,Relu_39,Conv_44,Relu_40,Conv_45,Relu_41,Conv_46,Add_13,Relu_42,Conv_47,Relu_43,Conv_48,Relu_44,Conv_49,Add_14,Relu_45,Conv_50,Relu_46,Conv_51,Relu_47,Conv_52,Add_15,Relu_48,Conv_53,Relu_49,Conv_54,Relu_50,Conv_55,Add_16,Relu_51,Conv_56,Relu_52,Conv_57,Relu_53,Conv_58,Add_17,Relu_54,Conv_59,Relu_55,Conv_60,Relu_56,Conv_61,Add_18,Relu_57,Conv_62,Relu_58,Conv_63,Relu_59,Conv_64,Add_19,Relu_60,Conv_65,Relu_61,Conv_66,Relu_62,Conv_67,Add_20,Relu_63,Conv_68,Relu_64,Conv_69,Relu_65,Conv_70,Add_21,Relu_66,GlobalAveragePool_0,Flatten_0,Gemm_0,output
20,input,Conv_0,Relu_0,Conv_2,Relu_1,Conv_3,Relu_2,Conv_1,Conv_4,Add_0,Relu_3,Conv_6,Relu_4,Conv_7,Conv_5,Relu_5,Conv_8,Add_1,Relu_6,Conv_9,Relu_7,Conv_10,Relu_8,Conv_11,Add_2,Relu_9,Conv_13,Conv_12,Relu_10,Conv_14,Relu_11,Conv_15,Add_3,Relu_12,Conv_16,Relu_13,Conv_17,Relu_14,Conv_18,Add_4,Relu_15,Conv_19,Relu_16,Conv_20,Relu_17,Conv_21,Add_5,Relu_18,Conv_22,Relu_19,Conv_23,Relu_20,Conv_24,Add_6,Relu_21,Conv_25,Relu_22,Conv_26,Relu_23,Conv_27,Add_7,Relu_24,Conv_28,Relu_25,Conv_29,Relu_26,Conv_30,Add_8,Relu_27,Conv_31,Relu_28,Conv_32,Relu_29,Conv_33,Add_9,Relu_30,Conv_35,Conv_34,Relu_31,Conv_36,Relu_32,Conv_37,Add_10,Relu_33,Conv_38,Relu_34,Conv_39,Relu_35,Conv_40,Add_11,Relu_36,Conv_41,Relu_37,Conv_42,Relu_38,Conv_43,Add_12,Relu_39,Conv_44,Relu_40,Conv_45,Relu_41,Conv_46,Add_13,Relu_42,Conv_47,Relu_43,Conv_48,Relu_44,Conv_49,Add_14,Relu_45,Conv_50,Relu_46,Conv_51,Relu_47,Conv_52,Add_15,Relu_48,Conv_53,Relu_49,Conv_54,Relu_50,Conv_55,Add_16,Relu_51,Conv_56,Relu_52,Conv_57,Relu_53,Conv_58,Add_17,Relu_54,Conv_59,Relu_55,Conv_60,Relu_56,Conv_61,Add_18,Relu_57,Conv_62,Relu_58,Conv_63,Relu_59,Conv_64,Add_19,Relu_60,Conv_65,Relu_61,Conv_66,Relu_62,Conv_67,Add_20,Relu_63,Conv_68,Relu_64,Conv_69,Relu_65,Conv_70,Add_21,Relu_66,GlobalAveragePool_0,Flatten_0,Gemm_0,output
21,input,Conv_0,Relu_0,Conv_2,Relu_1,Conv_3,Relu_2,Conv_1,Conv_4,Add_0,Relu_3,Conv_6,Relu_4,Conv_7,Conv_5,Relu_5,Conv_8,Add_1,Relu_6,Conv_9,Relu_7,Conv_10,Relu_8,Conv_11,Add_2,Relu_9,Conv_13,Relu_10,Conv_14,Conv_12,Relu_11,Conv_15,Add_3,Relu_12,Conv_16,Relu_13,Conv_17,Relu_14,Conv_18,Add_4,Relu_15,Conv_19,Relu_16,Conv_20,Relu_17,Conv_21,Add_5,Relu_18,Conv_22,Relu_19,Conv_23,Relu_20,Conv_24,Add_6,Relu_21,Conv_25,Relu_22,Conv_26,Relu_23,Conv_27,Add_7,Relu_24,Conv_28,Relu_25,Conv_29,Relu_26,Conv_30,Add_8,Relu_27,Conv_31,Relu_28,Conv_32,Relu_29,Conv_33,Add_9,Relu_30,Conv_34,Conv_35,Relu_31,Conv_36,Relu_32,Conv_37,Add_10,Relu_33,Conv_38,Relu_34,Conv_39,Relu_35,Conv_40,Add_11,Relu_36,Conv_41,Relu_37,Conv_42,Relu_38,Conv_43,Add_12,Relu_39,Conv_44,Relu_40,Conv_45,Relu_41,Conv_46,Add_13,Relu_42,Conv_47,Relu_43,Conv_48,Relu_44,Conv_49,Add_14,Relu_45,Conv_50,Relu_46,Conv_51,Relu_47,Conv_52,Add_15,Relu_48,Conv_53,Relu_49,Conv_54,Relu_50,Conv_55,Add_16,Relu_51,Conv_56,Relu_52,Conv_57,Relu_53,Conv_58,Add_17,Relu_54,Conv_59,Relu_55,Conv_60,Relu_56,Conv_61,Add_18,Relu_57,Conv_62,Relu_58,Conv_63,Relu_59,Conv_64,Add_19,Relu_60,Conv_65,Relu_61,Conv_66,Relu_62,Conv_67,Add_20,Relu_63,Conv_68,Relu_64,Conv_69,Relu_65,Conv_70,Add_21,Relu_66,GlobalAveragePool_0,Flatten_0,Gemm_0,output
22,input,Conv_0,Relu_0,Conv_2,Relu_1,Conv_3,Relu_2,Conv_1,Conv_4,Add_0,Relu_3,Conv_6,Relu_4,Conv_7,Conv_5,Relu_5,Conv_8,Add_1,Relu_6,Conv_9,Relu_7,Conv_10,Relu_8,Conv_11,Add_2,Relu_9,Conv_13,Relu_10,Conv_14,Relu_11,Conv_15,Conv_12,Add_3,Relu_12,Conv_16,Relu_13,Conv_17,Relu_14,Conv_18,Add_4,Relu_15,Conv_19,Relu_16,Conv_20,Relu_17,Conv_21,Add_5,Relu_18,Conv_22,Relu_19,Conv_23,Relu_20,Conv_24,Add_6,Relu_21,Conv_25,Relu_22,Conv_26,Relu_23,Conv_27,Add_7,Relu_24,Conv_28,Relu_25,Conv_29,Relu_26,Conv_30,Add_8,Relu_27,Conv_31,Relu_28,Conv_32,Relu_29,Conv_33,Add_9,Relu_30,Conv_35,Conv_34,Relu_31,Conv_36,Relu_32,Conv_37,Add_10,Relu_33,Conv_38,Relu_34,Conv_39,Relu_35,Conv_40,Add_11,Relu_36,Conv_41,Relu_37,Conv_42,Relu_38,Conv_43,Add_12,Relu_39,Conv_44,Relu_40,Conv_45,Relu_41,Conv_46,Add_13,Relu_42,Conv_47,Relu_43,Conv_48,Relu_44,Conv_49,Add_14,Relu_45,Conv_50,Relu_46,Conv_51,Relu_47,Conv_52,Add_15,Relu_48,Conv_53,Relu_49,Conv_54,Relu_50,Conv_55,Add_16,Relu_51,Conv_56,Relu_52,Conv_57,Relu_53,Conv_58,Add_17,Relu_54,Conv_59,Relu_55,Conv_60,Relu_56,Conv_61,Add_18,Relu_57,Conv_62,Relu_58,Conv_63,Relu_59,Conv_64,Add_19,Relu_60,Conv_65,Relu_61,Conv_66,Relu_62,Conv_67,Add_20,Relu_63,Conv_68,Relu_64,Conv_69,Relu_65,Conv_70,Add_21,Relu_66,GlobalAveragePool_0,Flatten_0,Gemm_0,output
23,input,Conv_0,Relu_0,Conv_2,Relu_1,Conv_3,Relu_2,Conv_1,Conv_4,Add_0,Relu_3,Conv_6,Relu_4,Conv_7,Relu_5,Conv_5,Conv_8,Add_1,Relu_6,Conv_9,Relu_7,Conv_10,Relu_8,Conv_11,Add_2,Relu_9,Conv_13,Relu_10,Conv_14,Relu_11,Conv_15,Conv_12,Add_3,Relu_12,Conv_16,Relu_13,Conv_17,Relu_14,Conv_18,Add_4,Relu_15,Conv_19,Relu_16,Conv_20,Relu_17,Conv_21,Add_5,Relu_18,Conv_22,Relu_19,Conv_23,Relu_20,Conv_24,Add_6,Relu_21,Conv_25,Relu_22,Conv_26,Relu_23,Conv_27,Add_7,Relu_24,Conv_28,Relu_25,Conv_29,Relu_26,Conv_30,Add_8,Relu_27,Conv_31,Relu_28,Conv_32,Relu_29,Conv_33,Add_9,Relu_30,Conv_35,Conv_34,Relu_31,Conv_36,Relu_32,Conv_37,Add_10,Relu_33,Conv_38,Relu_34,Conv_39,Relu_35,Conv_40,Add_11,Relu_36,Conv_41,Relu_37,Conv_42,Relu_38,Conv_43,Add_12,Relu_39,Conv_44,Relu_40,Conv_45,Relu_41,Conv_46,Add_13,Relu_42,Conv_47,Relu_43,Conv_48,Relu_44,Conv_49,Add_14,Relu_45,Conv_50,Relu_46,Conv_51,Relu_47,Conv_52,Add_15,Relu_48,Conv_53,Relu_49,Conv_54,Relu_50,Conv_55,Add_16,Relu_51,Conv_56,Relu_52,Conv_57,Relu_53,Conv_58,Add_17,Relu_54,Conv_59,Relu_55,Conv_60,Relu_56,Conv_61,Add_18,Relu_57,Conv_62,Relu_58,Conv_63,Relu_59,Conv_64,Add_19,Relu_60,Conv_65,Relu_61,Conv_66,Relu_62,Conv_67,Add_20,Relu_63,Conv_68,Relu_64,Conv_69,Relu_65,Conv_70,Add_21,Relu_66,GlobalAveragePool_0,Flatten_0,Gemm_0,output
24,input,Conv_0,Relu_0,Conv_2,Relu_1,Conv_3,Relu_2,Conv_1,Conv_4,Add_0,Relu_3,Conv_6,Relu_4,Conv_7,Relu_5,Conv_5,Conv_8,Add_1,Relu_6,Conv_9,Relu_7,Conv_10,Relu_8,Conv_11,Add_2,Relu_9,Conv_13,Relu_10,Conv_14,Relu_11,Conv_15,Conv_12,Add_3,Relu_12,Conv_16,Relu_13,Conv_17,Relu_14,Conv_18,Add_4,Relu_15,Conv_19,Relu_16,Conv_20,Relu_17,Conv_21,Add_5,Relu_18,Conv_22,Relu_19,Conv_23,Relu_20,Conv_24,Add_6,Relu_21,Conv_25,Relu_22,Conv_26,Relu_23,Conv_27,Add_7,Relu_24,Conv_28,Relu_25,Conv_29,Relu_26,Conv_30,Add_8,Relu_27,Conv_31,Relu_28,Conv_32,Relu_29,Conv_33,Add_9,Relu_30,Conv_35,Relu_31,Conv_36,Relu_32,Conv_37,Conv_34,Add_10,Relu_33,Conv_38,Relu_34,Conv_39,Relu_35,Conv_40,Add_11,Relu_36,Conv_41,Relu_37,Conv_42,Relu_38,Conv_43,Add_12,Relu_39,Conv_44,Relu_40,Conv_45,Relu_41,Conv_46,Add_13,Relu_42,Conv_47,Relu_43,Conv_48,Relu_44,Conv_49,Add_14,Relu_45,Conv_50,Relu_46,Conv_51,Relu_47,Conv_52,Add_15,Relu_48,Conv_53,Relu_49,Conv_54,Relu_50,Conv_55,Add_16,Relu_51,Conv_56,Relu_52,Conv_57,Relu_53,Conv_58,Add_17,Relu_54,Conv_59,Relu_55,Conv_60,Relu_56,Conv_61,Add_18,Relu_57,Conv_62,Relu_58,Conv_63,Relu_59,Conv_64,Add_19,Relu_60,Conv_65,Relu_61,Conv_66,Relu_62,Conv_67,Add_20,Relu_63,Conv_68,Relu_64,Conv_69,Relu_65,Conv_70,Add_21,Relu_66,GlobalAveragePool_0,Flatten_0,Gemm_0,output
25,input,Conv_0,Relu_0,Conv_2,Relu_1,Conv_3,Relu_2,Conv_1,Conv_4,Add_0,Relu_3,Conv_6,Relu_4,Conv_7,Relu_5,Conv_8,Conv_5,Add_1,Relu_6,Conv_9,Relu_7,Conv_10,Relu_8,Conv_11,Add_2,Relu_9,Conv_13,Relu_10,Conv_14,Relu_11,Conv_12,Conv_15,Add_3,Relu_12,Conv_16,Relu_13,Conv_17,Relu_14,Conv_18,Add_4,Relu_15,Conv_19,Relu_16,Conv_20,Relu_17,Conv_21,Add_5,Relu_18,Conv_22,Relu_19,Conv_23,Relu_20,Conv_24,Add_6,Relu_21,Conv_25,Relu_22,Conv_26,Relu_23,Conv_27,Add_7,Relu_24,Conv_28,Relu_25,Conv_29,Relu_26,Conv_30,Add_8,Relu_27,Conv_31,Relu_28,Conv_32,Relu_29,Conv_33,Add_9,Relu_30,Conv_35,Relu_31,Conv_36,Relu_32,Conv_34,Conv_37,Add_10,Relu_33,Conv_38,Relu_34,Conv_39,Relu_35,Conv_40,Add_11,Relu_36,Conv_41,Relu_37,Conv_42,Relu_38,Conv_43,Add_12,Relu_39,Conv_44,Relu_40,Conv_45,Relu_41,Conv_46,Add_13,Relu_42,Conv_47,Relu_43,Conv_48,Relu_44,Conv_49,Add_14,Relu_45,Conv_50,Relu_46,Conv_51,Relu_47,Conv_52,Add_15,Relu_48,Conv_53,Relu_49,Conv_54,Relu_50,Conv_55,Add_16,Relu_51,Conv_56,Relu_52,Conv_57,Relu_53,Conv_58,Add_17,Relu_54,Conv_59,Relu_55,Conv_60,Relu_56,Conv_61,Add_18,Relu_57,Conv_62,Relu_58,Conv_63,Relu_59,Conv_64,Add_19,Relu_60,Conv_65,Relu_61,Conv_66,Relu_62,Conv_67,Add_20,Relu_63,Conv_68,Relu_64,Conv_69,Relu_65,Conv_70,Add_21,Relu_66,GlobalAveragePool_0,Flatten_0,Gemm_0,output
26,input,Conv_0,Relu_0,Conv_2,Relu_1,Conv_3,Relu_2,Conv_1,Conv_4,Add_0,Relu_3,Conv_6,Relu_4,Conv_7,Relu_5,Conv_8,Conv_5,Add_1,Relu_6,Conv_9,Relu_7,Conv_10,Relu_8,Conv_11,Add_2,Relu_9,Conv_13,Relu_10,Conv_14,Relu_11,Conv_12,Conv_15,Add_3,Relu_12,Conv_16,Relu_13,Conv_17,Relu_14,Conv_18,Add_4,Relu_15,Conv_19,Relu_16,Conv_20,Relu_17,Conv_21,Add_5,Relu_18,Conv_22,Relu_19,Conv_23,Relu_20,Conv_24,Add_6,Relu_21,Conv_25,Relu_22,Conv_26,Relu_23,Conv_27,Add_7,Relu_24,Conv_28,Relu_25,Conv_29,Relu_26,Conv_30,Add_8,Relu_27,Conv_31,Relu_28,Conv_32,Relu_29,Conv_33,Add_9,Relu_30,Conv_35,Relu_31,Conv_36,Relu_32,Conv_37,Conv_34,Add_10,Relu_33,Conv_38,Relu_34,Conv_39,Relu_35,Conv_40,Add_11,Relu_36,Conv_41,Relu_37,Conv_42,Relu_38,Conv_43,Add_12,Relu_39,Conv_44,Relu_40,Conv_45,Relu_41,Conv_46,Add_13,Relu_42,Conv_47,Relu_43,Conv_48,Relu_44,Conv_49,Add_14,Relu_45,Conv_50,Relu_46,Conv_51,Relu_47,Conv_52,Add_15,Relu_48,Conv_53,Relu_49,Conv_54,Relu_50,Conv_55,Add_16,Relu_51,Conv_56,Relu_52,Conv_57,Relu_53,Conv_58,Add_17,Relu_54,Conv_59,Relu_55,Conv_60,Relu_56,Conv_61,Add_18,Relu_57,Conv_62,Relu_58,Conv_63,Relu_59,Conv_64,Add_19,Relu_60,Conv_65,Relu_61,Conv_66,Relu_62,Conv_67,Add_20,Relu_63,Conv_68,Relu_64,Conv_69,Relu_65,Conv_70,Add_21,Relu_66,GlobalAveragePool_0,Flatten_0,Gemm_0,output
27,input,Conv_0,Relu_0,Conv_2,Relu_1,Conv_3,Relu_2,Conv_1,Conv_4,Add_0,Relu_3,Conv_6,Relu_4,Conv_7,Relu_5,Conv_8,Conv_5,Add_1,Relu_6,Conv_9,Relu_7,Conv_10,Relu_8,Conv_11,Add_2,Relu_9,Conv_13,Relu_10,Conv_14,Relu_11,Conv_15,Conv_12,Add_3,Relu_12,Conv_16,Relu_13,Conv_17,Relu_14,Conv_18,Add_4,Relu_15,Conv_19,Relu_16,Conv_20,Relu_17,Conv_21,Add_5,Relu_18,Conv_22,Relu_19,Conv_23,Relu_20,Conv_24,Add_6,Relu_21,Conv_25,Relu_22,Conv_26,Relu_23,Conv_27,Add_7,Relu_24,Conv_28,Relu_25,Conv_29,Relu_26,Conv_30,Add_8,Relu_27,Conv_31,Relu_28,Conv_32,Relu_29,Conv_33,Add_9,Relu_30,Conv_34,Conv_35,Relu_31,Conv_36,Relu_32,Conv_37,Add_10,Relu_33,Conv_38,Relu_34,Conv_39,Relu_35,Conv_40,Add_11,Relu_36,Conv_41,Relu_37,Conv_42,Relu_38,Conv_43,Add_12,Relu_39,Conv_44,Relu_40,Conv_45,Relu_41,Conv_46,Add_13,Relu_42,Conv_47,Relu_43,Conv_48,Relu_44,Conv_49,Add_14,Relu_45,Conv_50,Relu_46,Conv_51,Relu_47,Conv_52,Add_15,Relu_48,Conv_53,Relu_49,Conv_54,Relu_50,Conv_55,Add_16,Relu_51,Conv_56,Relu_52,Conv_57,Relu_53,Conv_58,Add_17,Relu_54,Conv_59,Relu_55,Conv_60,Relu_56,Conv_61,Add_18,Relu_57,Conv_62,Relu_58,Conv_63,Relu_59,Conv_64,Add_19,Relu_60,Conv_65,Relu_61,Conv_66,Relu_62,Conv_67,Add_20,Relu_63,Conv_68,Relu_64,Conv_69,Relu_65,Conv_70,Add_21,Relu_66,GlobalAveragePool_0,Flatten_0,Gemm_0,output
28,input,Conv_0,Relu_0,Conv_2,Relu_1,Conv_3,Relu_2,Conv_1,Conv_4,Add_0,Relu_3,Conv_6,Relu_4,Conv_7,Relu_5,Conv_8,Conv_5,Add_1,Relu_6,Conv_9,Relu_7,Conv_10,Relu_8,Conv_11,Add_2,Relu_9,Conv_13,Relu_10,Conv_14,Relu_11,Conv_15,Conv_12,Add_3,Relu_12,Conv_16,Relu_13,Conv_17,Relu_14,Conv_18,Add_4,Relu_15,Conv_19,Relu_16,Conv_20,Relu_17,Conv_21,Add_5,Relu_18,Conv_22,Relu_19,Conv_23,Relu_20,Conv_24,Add_6,Relu_21,Conv_25,Relu_22,Conv_26,Relu_23,Conv_27,Add_7,Relu_24,Conv_28,Relu_25,Conv_29,Relu_26,Conv_30,Add_8,Relu_27,Conv_31,Relu_28,Conv_32,Relu_29,Conv_33,Add_9,Relu_30,Conv_35,Relu_31,Conv_36,Relu_32,Conv_34,Conv_37,Add_10,Relu_33,Conv_38,Relu_34,Conv_39,Relu_35,Conv_40,Add_11,Relu_36,Conv_41,Relu_37,Conv_42,Relu_38,Conv_43,Add_12,Relu_39,Conv_44,Relu_40,Conv_45,Relu_41,Conv_46,Add_13,Relu_42,Conv_47,Relu_43,Conv_48,Relu_44,Conv_49,Add_14,Relu_45,Conv_50,Relu_46,Conv_51,Relu_47,Conv_52,Add_15,Relu_48,Conv_53,Relu_49,Conv_54,Relu_50,Conv_55,Add_16,Relu_51,Conv_56,Relu_52,Conv_57,Relu_53,Conv_58,Add_17,Relu_54,Conv_59,Relu_55,Conv_60,Relu_56,Conv_61,Add_18,Relu_57,Conv_62,Relu_58,Conv_63,Relu_59,Conv_64,Add_19,Relu_60,Conv_65,Relu_61,Conv_66,Relu_62,Conv_67,Add_20,Relu_63,Conv_68,Relu_64,Conv_69,Relu_65,Conv_70,Add_21,Relu_66,GlobalAveragePool_0,Flatten_0,Gemm_0,output
29,input,Conv_0,Relu_0,Conv_2,Relu_1,Conv_3,Relu_2,Conv_1,Conv_4,Add_0,Relu_3,Conv_6,Relu_4,Conv_7,Relu_5,Conv_8,Conv_5,Add_1,Relu_6,Conv_9,Relu_7,Conv_10,Relu_8,Conv_11,Add_2,Relu_9,Conv_13,Relu_10,Conv_14,Relu_11,Conv_15,Conv_12,Add_3,Relu_12,Conv_16,Relu_13,Conv_17,Relu_14,Conv_18,Add_4,Relu_15,Conv_19,Relu_16,Conv_20,Relu_17,Conv_21,Add_5,Relu_18,Conv_22,Relu_19,Conv_23,Relu_20,Conv_24,Add_6,Relu_21,Conv_25,Relu_22,Conv_26,Relu_23,Conv_27,Add_7,Relu_24,Conv_28,Relu_25,Conv_29,Relu_26,Conv_30,Add_8,Relu_27,Conv_31,Relu_28,Conv_32,Relu_29,Conv_33,Add_9,Relu_30,Conv_35,Relu_31,Conv_36,Relu_32,Conv_37,Conv_34,Add_10,Relu_33,Conv_38,Relu_34,Conv_39,Relu_35,Conv_40,Add_11,Relu_36,Conv_41,Relu_37,Conv_42,Relu_38,Conv_43,Add_12,Relu_39,Conv_44,Relu_40,Conv_45,Relu_41,Conv_46,Add_13,Relu_42,Conv_47,Relu_43,Conv_48,Relu_44,Conv_49,Add_14,Relu_45,Conv_50,Relu_46,Conv_51,Relu_47,Conv_52,Add_15,Relu_48,Conv_53,Relu_49,Conv_54,Relu_50,Conv_55,Add_16,Relu_51,Conv_56,Relu_52,Conv_57,Relu_53,Conv_58,Add_17,Relu_54,Conv_59,Relu_55,Conv_60,Relu_56,Conv_61,Add_18,Relu_57,Conv_62,Relu_58,Conv_63,Relu_59,Conv_64,Add_19,Relu_60,Conv_65,Relu_61,Conv_66,Relu_62,Conv_67,Add_20,Relu_63,Conv_68,Relu_64,Conv_69,Relu_65,Conv_70,Add_21,Relu_66,GlobalAveragePool_0,Flatten_0,Gemm_0,output
30,input,Conv_0,Relu_0,Conv_2,Relu_1,Conv_3,Relu_2,Conv_4,Conv_1,Add_0,Relu_3,Conv_5,Conv_6,Relu_4,Conv_7,Relu_5,Conv_8,Add_1,Relu_6,Conv_9,Relu_7,Conv_10,Relu_8,Conv_11,Add_2,Relu_9,Conv_13,Relu_10,Conv_14,Relu_11,Conv_15,Conv_12,Add_3,Relu_12,Conv_16,Relu_13,Conv_17,Relu_14,Conv_18,Add_4,Relu_15,Conv_19,Relu_16,Conv_20,Relu_17,Conv_21,Add_5,Relu_18,Conv_22,Relu_19,Conv_23,Relu_20,Conv_24,Add_6,Relu_21,Conv_25,Relu_22,Conv_26,Relu_23,Conv_27,Add_7,Relu_24,Conv_28,Relu_25,Conv_29,Relu_26,Conv_30,Add_8,Relu_27,Conv_31,Relu_28,Conv_32,Relu_29,Conv_33,Add_9,Relu_30,Conv_35,Relu_31,Conv_36,Relu_32,Conv_37,Conv_34,Add_10,Relu_33,Conv_38,Relu_34,Conv_39,Relu_35,Conv_40,Add_11,Relu_36,Conv_41,Relu_37,Conv_42,Relu_38,Conv_43,Add_12,Relu_39,Conv_44,Relu_40,Conv_45,Relu_41,Conv_46,Add_13,Relu_42,Conv_47,Relu_43,Conv_48,Relu_44,Conv_49,Add_14,Relu_45,Conv_50,Relu_46,Conv_51,Relu_47,Conv_52,Add_15,Relu_48,Conv_53,Relu_49,Conv_54,Relu_50,Conv_55,Add_16,Relu_51,Conv_56,Relu_52,Conv_57,Relu_53,Conv_58,Add_17,Relu_54,Conv_59,Relu_55,Conv_60,Relu_56,Conv_61,Add_18,Relu_57,Conv_62,Relu_58,Conv_63,Relu_59,Conv_64,Add_19,Relu_60,Conv_65,Relu_61,Conv_66,Relu_62,Conv_67,Add_20,Relu_63,Conv_68,Relu_64,Conv_69,Relu_65,Conv_70,Add_21,Relu_66,GlobalAveragePool_0,Flatten_0,Gemm_0,output
31,input,Conv_0,Relu_0,Conv_2,Relu_1,Conv_3,Relu_2,Conv_4,Conv_1,Add_0,Relu_3,Conv_6,Relu_4,Conv_5,Conv_7,Relu_5,Conv_8,Add_1,Relu_6,Conv_9,Relu_7,Conv_10,Relu_8,Conv_11,Add_2,Relu_9,Conv_13,Relu_10,Conv_14,Conv_12,Relu_11,Conv_15,Add_3,Relu_12,Conv_16,Relu_13,Conv_17,Relu_14,Conv_18,Add_4,Relu_15,Conv_19,Relu_16,Conv_20,Relu_17,Conv_21,Add_5,Relu_18,Conv_22,Relu_19,Conv_23,Relu_20,Conv_24,Add_6,Relu_21,Conv_25,Relu_22,Conv_26,Relu_23,Conv_27,Add_7,Relu_24,Conv_28,Relu_25,Conv_29,Relu_26,Conv_30,Add_8,Relu_27,Conv_31,Relu_28,Conv_32,Relu_29,Conv_33,Add_9,Relu_30,Conv_35,Relu_31,Conv_36,Relu_32,Conv_34,Conv_37,Add_10,Relu_33,Conv_38,Relu_34,Conv_39,Relu_35,Conv_40,Add_11,Relu_36,Conv_41,Relu_37,Conv_42,Relu_38,Conv_43,Add_12,Relu_39,Conv_44,Relu_40,Conv_45,Relu_41,Conv_46,Add_13,Relu_42,Conv_47,Relu_43,Conv_48,Relu_44,Conv_49,Add_14,Relu_45,Conv_50,Relu_46,Conv_51,Relu_47,Conv_52,Add_15,Relu_48,Conv_53,Relu_49,Conv_54,Relu_50,Conv_55,Add_16,Relu_51,Conv_56,Relu_52,Conv_57,Relu_53,Conv_58,Add_17,Relu_54,Conv_59,Relu_55,Conv_60,Relu_56,Conv_61,Add_18,Relu_57,Conv_62,Relu_58,Conv_63,Relu_59,Conv_64,Add_19,Relu_60,Conv_65,Relu_61,Conv_66,Relu_62,Conv_67,Add_20,Relu_63,Conv_68,Relu_64,Conv_69,Relu_65,Conv_70,Add_21,Relu_66,GlobalAveragePool_0,Flatten_0,Gemm_0,output
32,input,Conv_0,Relu_0,Conv_2,Relu_1,Conv_3,Relu_2,Conv_4,Conv_1,Add_0,Relu_3,Conv_6,Relu_4,Conv_7,Conv_5,Relu_5,Conv_8,Add_1,Relu_6,Conv_9,Relu_7,Conv_10,Relu_8,Conv_11,Add_2,Relu_9,Conv_13,Relu_10,Conv_12,Conv_14,Relu_11,Conv_15,Add_3,Relu_12,Conv_16,Relu_13,Conv_17,Relu_14,Conv_18,Add_4,Relu_15,Conv_19,Relu_16,Conv_20,Relu_17,Conv_21,Add_5,Relu_18,Conv_22,Relu_19,Conv_23,Relu_20,Conv_24,Add_6,Relu_21,Conv_25,Relu_22,Conv_26,Relu_23,Conv_27,Add_7,Relu_24,Conv_28,Relu_25,Conv_29,Relu_26,Conv_30,Add_8,Relu_27,Conv_31,Relu_28,Conv_32,Relu_29,Conv_33,Add_9,Relu_30,Conv_35,Relu_31,Conv_34,Conv_36,Relu_32,Conv_37,Add_10,Relu_33,Conv_38,Relu_34,Conv_39,Relu_35,Conv_40,Add_11,Relu_36,Conv_41,Relu_37,Conv_42,Relu_38,Conv_43,Add_12,Relu_39,Conv_44,Relu_40,Conv_45,Relu_41,Conv_46,Add_13,Relu_42,Conv_47,Relu_43,Conv_48,Relu_44,Conv_49,Add_14,Relu_45,Conv_50,Relu_46,Conv_51,Relu_47,Conv_52,Add_15,Relu_48,Conv_53,Relu_49,Conv_54,Relu_50,Conv_55,Add_16,Relu_51,Conv_56,Relu_52,Conv_57,Relu_53,Conv_58,Add_17,Relu_54,Conv_59,Relu_55,Conv_60,Relu_56,Conv_61,Add_18,Relu_57,Conv_62,Relu_58,Conv_63,Relu_59,Conv_64,Add_19,Relu_60,Conv_65,Relu_61,Conv_66,Relu_62,Conv_67,Add_20,Relu_63,Conv_68,Relu_64,Conv_69,Relu_65,Conv_70,Add_21,Relu_66,GlobalAveragePool_0,Flatten_0,Gemm_0,output
33,input,Conv_0,Relu_0,Conv_2,Relu_1,Conv_3,Relu_2,Conv_4,Conv_1,Add_0,Relu_3,Conv_6,Relu_4,Conv_7,Conv_5,Relu_5,Conv_8,Add_1,Relu_6,Conv_9,Relu_7,Conv_10,Relu_8,Conv_11,Add_2,Relu_9,Conv_13,Relu_10,Conv_14,Relu_11,Conv_15,Conv_12,Add_3,Relu_12,Conv_16,Relu_13,Conv_17,Relu_14,Conv_18,Add_4,Relu_15,Conv_19,Relu_16,Conv_20,Relu_17,Conv_21,Add_5,Relu_18,Conv_22,Relu_19,Conv_23,Relu_20,Conv_24,Add_6,Relu_21,Conv_25,Relu_22,Conv_26,Relu_23,Conv_27,Add_7,Relu_24,Conv_28,Relu_25,Conv_29,Relu_26,Conv_30,Add_8,Relu_27,Conv_31,Relu_28,Conv_32,Relu_29,Conv_33,Add_9,Relu_30,Conv_34,Conv_35,Relu_31,Conv_36,Relu_32,Conv_37,Add_10,Relu_33,Conv_38,Relu_34,Conv_39,Relu_35,Conv_40,Add_11,Relu_36,Conv_41,Relu_37,Conv_42,Relu_38,Conv_43,Add_12,Relu_39,Conv_44,Relu_40,Conv_45,Relu_41,Conv_46,Add_13,Relu_42,Conv_47,Relu_43,Conv_48,Relu_44,Conv_49,Add_14,Relu_45,Conv_50,Relu_46,Conv_51,Relu_47,Conv_52,Add_15,Relu_48,Conv_53,Relu_49,Conv_54,Relu_50,Conv_55,Add_16,Relu_51,Conv_56,Relu_52,Conv_57,Relu_53,Conv_58,Add_17,Relu_54,Conv_59,Relu_55,Conv_60,Relu_56,Conv_61,Add_18,Relu_57,Conv_62,Relu_58,Conv_63,Relu_59,Conv_64,Add_19,Relu_60,Conv_65,Relu_61,Conv_66,Relu_62,Conv_67,Add_20,Relu_63,Conv_68,Relu_64,Conv_69,Relu_65,Conv_70,Add_21,Relu_66,GlobalAveragePool_0,Flatten_0,Gemm_0,output
34,input,Conv_0,Relu_0,Conv_2,Relu_1,Conv_3,Relu_2,Conv_4,Conv_1,Add_0,Relu_3,Conv_6,Relu_4,Conv_7,Conv_5,Relu_5,Conv_8,Add_1,Relu_6,Conv_9,Relu_7,Conv_10,Relu_8,Conv_11,Add_2,Relu_9,Conv_13,Relu_10,Conv_14,Relu_11,Conv_15,Conv_12,Add_3,Relu_12,Conv_16,Relu_13,Conv_17,Relu_14,Conv_18,Add_4,Relu_15,Conv_19,Relu_16,Conv_20,Relu_17,Conv_21,Add_5,Relu_18,Conv_22,Relu_19,Conv_23,Relu_20,Conv_24,Add_6,Relu_21,Conv_25,Relu_22,Conv_26,Relu_23,Conv_27,Add_7,Relu_24,Conv_28,Relu_25,Conv_29,Relu_26,Conv_30,Add_8,Relu_27,Conv_31,Relu_28,Conv_32,Relu_29,Conv_33,Add_9,Relu_30,Conv_35,Conv_34,Relu_31,Conv_36,Relu_32,Conv_37,Add_10,Relu_33,Conv_38,Relu_34,Conv_39,Relu_35,Conv_40,Add_11,Relu_36,Conv_41,Relu_37,Conv_42,Relu_38,Conv_43,Add_12,Relu_39,Conv_44,Relu_40,Conv_45,Relu_41,Conv_46,Add_13,Relu_42,Conv_47,Relu_43,Conv_48,Relu_44,Conv_49,Add_14,Relu_45,Conv_50,Relu_46,Conv_51,Relu_47,Conv_52,Add_15,Relu_48,Conv_53,Relu_49,Conv_54,Relu_50,Conv_55,Add_16,Relu_51,Conv_56,Relu_52,Conv_57,Relu_53,Conv_58,Add_17,Relu_54,Conv_59,Relu_55,Conv_60,Relu_56,Conv_61,Add_18,Relu_57,Conv_62,Relu_58,Conv_63,Relu_59,Conv_64,Add_19,Relu_60,Conv_65,Relu_61,Conv_66,Relu_62,Conv_67,Add_20,Relu_63,Conv_68,Relu_64,Conv_69,Relu_65,Conv_70,Add_21,Relu_66,GlobalAveragePool_0,Flatten_0,Gemm_0,output
35,input,Conv_0,Relu_0,Conv_2,Relu_1,Conv_3,Relu_2,Conv_4,Conv_1,Add_0,Relu_3,Conv_6,Relu_4,Conv_7,Conv_5,Relu_5,Conv_8,Add_1,Relu_6,Conv_9,Relu_7,Conv_10,Relu_8,Conv_11,Add_2,Relu_9,Conv_13,Relu_10,Conv_14,Relu_11,Conv_15,Conv_12,Add_3,Relu_12,Conv_16,Relu_13,Conv_17,Relu_14,Conv_18,Add_4,Relu_15,Conv_19,Relu_16,Conv_20,Relu_17,Conv_21,Add_5,Relu_18,Conv_22,Relu_19,Conv_23,Relu_20,Conv_24,Add_6,Relu_21,Conv_25,Relu_22,Conv_26,Relu_23,Conv_27,Add_7,Relu_24,Conv_28,Relu_25,Conv_29,Relu_26,Conv_30,Add_8,Relu_27,Conv_31,Relu_28,Conv_32,Relu_29,Conv_33,Add_9,Relu_30,Conv_35,Relu_31,Conv_36,Relu_32,Conv_34,Conv_37,Add_10,Relu_33,Conv_38,Relu_34,Conv_39,Relu_35,Conv_40,Add_11,Relu_36,Conv_41,Relu_37,Conv_42,Relu_38,Conv_43,Add_12,Relu_39,Conv_44,Relu_40,Conv_45,Relu_41,Conv_46,Add_13,Relu_42,Conv_47,Relu_43,Conv_48,Relu_44,Conv_49,Add_14,Relu_45,Conv_50,Relu_46,Conv_51,Relu_47,Conv_52,Add_15,Relu_48,Conv_53,Relu_49,Conv_54,Relu_50,Conv_55,Add_16,Relu_51,Conv_56,Relu_52,Conv_57,Relu_53,Conv_58,Add_17,Relu_54,Conv_59,Relu_55,Conv_60,Relu_56,Conv_61,Add_18,Relu_57,Conv_62,Relu_58,Conv_63,Relu_59,Conv_64,Add_19,Relu_60,Conv_65,Relu_61,Conv_66,Relu_62,Conv_67,Add_20,Relu_63,Conv_68,Relu_64,Conv_69,Relu_65,Conv_70,Add_21,Relu_66,GlobalAveragePool_0,Flatten_0,Gemm_0,output
36,input,Conv_0,Relu_0,Conv_2,Relu_1,Conv_3,Relu_2,Conv_4,Conv_1,Add_0,Relu_3,Conv_6,Relu_4,Conv_7,Conv_5,Relu_5,Conv_8,Add_1,Relu_6,Conv_9,Relu_7,Conv_10,Relu_8,Conv_11,Add_2,Relu_9,Conv_13,Relu_10,Conv_14,Relu_11,Conv_15,Conv_12,Add_3,Relu_12,Conv_16,Relu_13,Conv_17,Relu_14,Conv_18,Add_4,Relu_15,Conv_19,Relu_16,Conv_20,Relu_17,Conv_21,Add_5,Relu_18,Conv_22,Relu_19,Conv_23,Relu_20,Conv_24,Add_6,Relu_21,Conv_25,Relu_22,Conv_26,Relu_23,Conv_27,Add_7,Relu_24,Conv_28,Relu_25,Conv_29,Relu_26,Conv_30,Add_8,Relu_27,Conv_31,Relu_28,Conv_32,Relu_29,Conv_33,Add_9,Relu_30,Conv_35,Relu_31,Conv_36,Relu_32,Conv_37,Conv_34,Add_10,Relu_33,Conv_38,Relu_34,Conv_39,Relu_35,Conv_40,Add_11,Relu_36,Conv_41,Relu_37,Conv_42,Relu_38,Conv_43,Add_12,Relu_39,Conv_44,Relu_40,Conv_45,Relu_41,Conv_46,Add_13,Relu_42,Conv_47,Relu_43,Conv_48,Relu_44,Conv_49,Add_14,Relu_45,Conv_50,Relu_46,Conv_51,Relu_47,Conv_52,Add_15,Relu_48,Conv_53,Relu_49,Conv_54,Relu_50,Conv_55,Add_16,Relu_51,Conv_56,Relu_52,Conv_57,Relu_53,Conv_58,Add_17,Relu_54,Conv_59,Relu_55,Conv_60,Relu_56,Conv_61,Add_18,Relu_57,Conv_62,Relu_58,Conv_63,Relu_59,Conv_64,Add_19,Relu_60,Conv_65,Relu_61,Conv_66,Relu_62,Conv_67,Add_20,Relu_63,Conv_68,Relu_64,Conv_69,Relu_65,Conv_70,Add_21,Relu_66,GlobalAveragePool_0,Flatten_0,Gemm_0,output
37,input,Conv_0,Relu_0,Conv_2,Relu_1,Conv_3,Relu_2,Conv_4,Conv_1,Add_0,Relu_3,Conv_6,Relu_4,Conv_7,Relu_5,Conv_5,Conv_8,Add_1,Relu_6,Conv_9,Relu_7,Conv_10,Relu_8,Conv_11,Add_2,Relu_9,Conv_13,Conv_12,Relu_10,Conv_14,Relu_11,Conv_15,Add_3,Relu_12,Conv_16,Relu_13,Conv_17,Relu_14,Conv_18,Add_4,Relu_15,Conv_19,Relu_16,Conv_20,Relu_17,Conv_21,Add_5,Relu_18,Conv_22,Relu_19,Conv_23,Relu_20,Conv_24,Add_6,Relu_21,Conv_25,Relu_22,Conv_26,Relu_23,Conv_27,Add_7,Relu_24,Conv_28,Relu_25,Conv_29,Relu_26,Conv_30,Add_8,Relu_27,Conv_31,Relu_28,Conv_32,Relu_29,Conv_33,Add_9,Relu_30,Conv_34,Conv_35,Relu_31,Conv_36,Relu_32,Conv_37,Add_10,Relu_33,Conv_38,Relu_34,Conv_39,Relu_35,Conv_40,Add_11,Relu_36,Conv_41,Relu_37,Conv_42,Relu_38,Conv_43,Add_12,Relu_39,Conv_44,Relu_40,Conv_45,Relu_41,Conv_46,Add_13,Relu_42,Conv_47,Relu_43,Conv_48,Relu_44,Conv_49,Add_14,Relu_45,Conv_50,Relu_46,Conv_51,Relu_47,Conv_52,Add_15,Relu_48,Conv_53,Relu_49,Conv_54,Relu_50,Conv_55,Add_16,Relu_51,Conv_56,Relu_52,Conv_57,Relu_53,Conv_58,Add_17,Relu_54,Conv_59,Relu_55,Conv_60,Relu_56,Conv_61,Add_18,Relu_57,Conv_62,Relu_58,Conv_63,Relu_59,Conv_64,Add_19,Relu_60,Conv_65,Relu_61,Conv_66,Relu_62,Conv_67,Add_20,Relu_63,Conv_68,Relu_64,Conv_69,Relu_65,Conv_70,Add_21,Relu_66,GlobalAveragePool_0,Flatten_0,Gemm_0,output
38,input,Conv_0,Relu_0,Conv_2,Relu_1,Conv_3,Relu_2,Conv_4,Conv_1,Add_0,Relu_3,Conv_6,Relu_4,Conv_7,Relu_5,Conv_5,Conv_8,Add_1,Relu_6,Conv_9,Relu_7,Conv_10,Relu_8,Conv_11,Add_2,Relu_9,Conv_13,Relu_10,Conv_14,Conv_12,Relu_11,Conv_15,Add_3,Relu_12,Conv_16,Relu_13,Conv_17,Relu_14,Conv_18,Add_4,Relu_15,Conv_19,Relu_16,Conv_20,Relu_17,Conv_21,Add_5,Relu_18,Conv_22,Relu_19,Conv_23,Relu_20,Conv_24,Add_6,Relu_21,Conv_25,Relu_22,Conv_26,Relu_23,Conv_27,Add_7,Relu_24,Conv_28,Relu_25,Conv_29,Relu_26,Conv_30,Add_8,Relu_27,Conv_31,Relu_28,Conv_32,Relu_29,Conv_33,Add_9,Relu_30,Conv_35,Relu_31,Conv_34,Conv_36,Relu_32,Conv_37,Add_10,Relu_33,Conv_38,Relu_34,Conv_39,Relu_35,Conv_40,Add_11,Relu_36,Conv_41,Relu_37,Conv_42,Relu_38,Conv_43,Add_12,Relu_39,Conv_44,Relu_40,Conv_45,Relu_41,Conv_46,Add_13,Relu_42,Conv_47,Relu_43,Conv_48,Relu_44,Conv_49,Add_14,Relu_45,Conv_50,Relu_46,Conv_51,Relu_47,Conv_52,Add_15,Relu_48,Conv_53,Relu_49,Conv_54,Relu_50,Conv_55,Add_16,Relu_51,Conv_56,Relu_52,Conv_57,Relu_53,Conv_58,Add_17,Relu_54,Conv_59,Relu_55,Conv_60,Relu_56,Conv_61,Add_18,Relu_57,Conv_62,Relu_58,Conv_63,Relu_59,Conv_64,Add_19,Relu_60,Conv_65,Relu_61,Conv_66,Relu_62,Conv_67,Add_20,Relu_63,Conv_68,Relu_64,Conv_69,Relu_65,Conv_70,Add_21,Relu_66,GlobalAveragePool_0,Flatten_0,Gemm_0,output
39,input,Conv_0,Relu_0,Conv_2,Relu_1,Conv_3,Relu_2,Conv_4,Conv_1,Add_0,Relu_3,Conv_6,Relu_4,Conv_7,Relu_5,Conv_5,Conv_8,Add_1,Relu_6,Conv_9,Relu_7,Conv_10,Relu_8,Conv_11,Add_2,Relu_9,Conv_13,Relu_10,Conv_14,Relu_11,Conv_12,Conv_15,Add_3,Relu_12,Conv_16,Relu_13,Conv_17,Relu_14,Conv_18,Add_4,Relu_15,Conv_19,Relu_16,Conv_20,Relu_17,Conv_21,Add_5,Relu_18,Conv_22,Relu_19,Conv_23,Relu_20,Conv_24,Add_6,Relu_21,Conv_25,Relu_22,Conv_26,Relu_23,Conv_27,Add_7,Relu_24,Conv_28,Relu_25,Conv_29,Relu_26,Conv_30,Add_8,Relu_27,Conv_31,Relu_28,Conv_32,Relu_29,Conv_33,Add_9,Relu_30,Conv_35,Conv_34,Relu_31,Conv_36,Relu_32,Conv_37,Add_10,Relu_33,Conv_38,Relu_34,Conv_39,Relu_35,Conv_40,Add_11,Relu_36,Conv_41,Relu_37,Conv_42,Relu_38,Conv_43,Add_12,Relu_39,Conv_44,Relu_40,Conv_45,Relu_41,Conv_46,Add_13,Relu_42,Conv_47,Relu_43,Conv_48,Relu_44,Conv_49,Add_14,Relu_45,Conv_50,Relu_46,Conv_51,Relu_47,Conv_52,Add_15,Relu_48,Conv_53,Relu_49,Conv_54,Relu_50,Conv_55,Add_16,Relu_51,Conv_56,Relu_52,Conv_57,Relu_53,Conv_58,Add_17,Relu_54,Conv_59,Relu_55,Conv_60,Relu_56,Conv_61,Add_18,Relu_57,Conv_62,Relu_58,Conv_63,Relu_59,Conv_64,Add_19,Relu_60,Conv_65,Relu_61,Conv_66,Relu_62,Conv_67,Add_20,Relu_63,Conv_68,Relu_64,Conv_69,Relu_65,Conv_70,Add_21,Relu_66,GlobalAveragePool_0,Flatten_0,Gemm_0,output
40,input,Conv_0,Relu_0,Conv_2,Relu_1,Conv_3,Relu_2,Conv_4,Conv_1,Add_0,Relu_3,Conv_6,Relu_4,Conv_7,Relu_5,Conv_5,Conv_8,Add_1,Relu_6,Conv_9,Relu_7,Conv_10,Relu_8,Conv_11,Add_2,Relu_9,Conv_13,Relu_10,Conv_14,Relu_11,Conv_12,Conv_15,Add_3,Relu_12,Conv_16,Relu_13,Conv_17,Relu_14,Conv_18,Add_4,Relu_15,Conv_19,Relu_16,Conv_20,Relu_17,Conv_21,Add_5,Relu_18,Conv_22,Relu_19,Conv_23,Relu_20,Conv_24,Add_6,Relu_21,Conv_25,Relu_22,Conv_26,Relu_23,Conv_27,Add_7,Relu_24,Conv_28,Relu_25,Conv_29,Relu_26,Conv_30,Add_8,Relu_27,Conv_31,Relu_28,Conv_32,Relu_29,Conv_33,Add_9,Relu_30,Conv_35,Relu_31,Conv_34,Conv_36,Relu_32,Conv_37,Add_10,Relu_33,Conv_38,Relu_34,Conv_39,Relu_35,Conv_40,Add_11,Relu_36,Conv_41,Relu_37,Conv_42,Relu_38,Conv_43,Add_12,Relu_39,Conv_44,Relu_40,Conv_45,Relu_41,Conv_46,Add_13,Relu_42,Conv_47,Relu_43,Conv_48,Relu_44,Conv_49,Add_14,Relu_45,Conv_50,Relu_46,Conv_51,Relu_47,Conv_52,Add_15,Relu_48,Conv_53,Relu_49,Conv_54,Relu_50,Conv_55,Add_16,Relu_51,Conv_56,Relu_52,Conv_57,Relu_53,Conv_58,Add_17,Relu_54,Conv_59,Relu_55,Conv_60,Relu_56,Conv_61,Add_18,Relu_57,Conv_62,Relu_58,Conv_63,Relu_59,Conv_64,Add_19,Relu_60,Conv_65,Relu_61,Conv_66,Relu_62,Conv_67,Add_20,Relu_63,Conv_68,Relu_64,Conv_69,Relu_65,Conv_70,Add_21,Relu_66,GlobalAveragePool_0,Flatten_0,Gemm_0,output
41,input,Conv_0,Relu_0,Conv_2,Relu_1,Conv_3,Relu_2,Conv_4,Conv_1,Add_0,Relu_3,Conv_6,Relu_4,Conv_7,Relu_5,Conv_5,Conv_8,Add_1,Relu_6,Conv_9,Relu_7,Conv_10,Relu_8,Conv_11,Add_2,Relu_9,Conv_13,Relu_10,Conv_14,Relu_11,Conv_15,Conv_12,Add_3,Relu_12,Conv_16,Relu_13,Conv_17,Relu_14,Conv_18,Add_4,Relu_15,Conv_19,Relu_16,Conv_20,Relu_17,Conv_21,Add_5,Relu_18,Conv_22,Relu_19,Conv_23,Relu_20,Conv_24,Add_6,Relu_21,Conv_25,Relu_22,Conv_26,Relu_23,Conv_27,Add_7,Relu_24,Conv_28,Relu_25,Conv_29,Relu_26,Conv_30,Add_8,Relu_27,Conv_31,Relu_28,Conv_32,Relu_29,Conv_33,Add_9,Relu_30,Conv_34,Conv_35,Relu_31,Conv_36,Relu_32,Conv_37,Add_10,Relu_33,Conv_38,Relu_34,Conv_39,Relu_35,Conv_40,Add_11,Relu_36,Conv_41,Relu_37,Conv_42,Relu_38,Conv_43,Add_12,Relu_39,Conv_44,Relu_40,Conv_45,Relu_41,Conv_46,Add_13,Relu_42,Conv_47,Relu_43,Conv_48,Relu_44,Conv_49,Add_14,Relu_45,Conv_50,Relu_46,Conv_51,Relu_47,Conv_52,Add_15,Relu_48,Conv_53,Relu_49,Conv_54,Relu_50,Conv_55,Add_16,Relu_51,Conv_56,Relu_52,Conv_57,Relu_53,Conv_58,Add_17,Relu_54,Conv_59,Relu_55,Conv_60,Relu_56,Conv_61,Add_18,Relu_57,Conv_62,Relu_58,Conv_63,Relu_59,Conv_64,Add_19,Relu_60,Conv_65,Relu_61,Conv_66,Relu_62,Conv_67,Add_20,Relu_63,Conv_68,Relu_64,Conv_69,Relu_65,Conv_70,Add_21,Relu_66,GlobalAveragePool_0,Flatten_0,Gemm_0,output
42,input,Conv_0,Relu_0,Conv_2,Relu_1,Conv_3,Relu_2,Conv_4,Conv_1,Add_0,Relu_3,Conv_6,Relu_4,Conv_7,Relu_5,Conv_5,Conv_8,Add_1,Relu_6,Conv_9,Relu_7,Conv_10,Relu_8,Conv_11,Add_2,Relu_9,Conv_13,Relu_10,Conv_14,Relu_11,Conv_15,Conv_12,Add_3,Relu_12,Conv_16,Relu_13,Conv_17,Relu_14,Conv_18,Add_4,Relu_15,Conv_19,Relu_16,Conv_20,Relu_17,Conv_21,Add_5,Relu_18,Conv_22,Relu_19,Conv_23,Relu_20,Conv_24,Add_6,Relu_21,Conv_25,Relu_22,Conv_26,Relu_23,Conv_27,Add_7,Relu_24,Conv_28,Relu_25,Conv_29,Relu_26,Conv_30,Add_8,Relu_27,Conv_31,Relu_28,Conv_32,Relu_29,Conv_33,Add_9,Relu_30,Conv_35,Relu_31,Conv_34,Conv_36,Relu_32,Conv_37,Add_10,Relu_33,Conv_38,Relu_34,Conv_39,Relu_35,Conv_40,Add_11,Relu_36,Conv_41,Relu_37,Conv_42,Relu_38,Conv_43,Add_12,Relu_39,Conv_44,Relu_40,Conv_45,Relu_41,Conv_46,Add_13,Relu_42,Conv_47,Relu_43,Conv_48,Relu_44,Conv_49,Add_14,Relu_45,Conv_50,Relu_46,Conv_51,Relu_47,Conv_52,Add_15,Relu_48,Conv_53,Relu_49,Conv_54,Relu_50,Conv_55,Add_16,Relu_51,Conv_56,Relu_52,Conv_57,Relu_53,Conv_58,Add_17,Relu_54,Conv_59,Relu_55,Conv_60,Relu_56,Conv_61,Add_18,Relu_57,Conv_62,Relu_58,Conv_63,Relu_59,Conv_64,Add_19,Relu_60,Conv_65,Relu_61,Conv_66,Relu_62,Conv_67,Add_20,Relu_63,Conv_68,Relu_64,Conv_69,Relu_65,Conv_70,Add_21,Relu_66,GlobalAveragePool_0,Flatten_0,Gemm_0,output
43,input,Conv_0,Relu_0,Conv_2,Relu_1,Conv_3,Relu_2,Conv_4,Conv_1,Add_0,Relu_3,Conv_6,Relu_4,Conv_7,Relu_5,Conv_5,Conv_8,Add_1,Relu_6,Conv_9,Relu_7,Conv_10,Relu_8,Conv_11,Add_2,Relu_9,Conv_13,Relu_10,Conv_14,Relu_11,Conv_15,Conv_12,Add_3,Relu_12,Conv_16,Relu_13,Conv_17,Relu_14,Conv_18,Add_4,Relu_15,Conv_19,Relu_16,Conv_20,Relu_17,Conv_21,Add_5,Relu_18,Conv_22,Relu_19,Conv_23,Relu_20,Conv_24,Add_6,Relu_21,Conv_25,Relu_22,Conv_26,Relu_23,Conv_27,Add_7,Relu_24,Conv_28,Relu_25,Conv_29,Relu_26,Conv_30,Add_8,Relu_27,Conv_31,Relu_28,Conv_32,Relu_29,Conv_33,Add_9,Relu_30,Conv_35,Relu_31,Conv_36,Relu_32,Conv_37,Conv_34,Add_10,Relu_33,Conv_38,Relu_34,Conv_39,Relu_35,Conv_40,Add_11,Relu_36,Conv_41,Relu_37,Conv_42,Relu_38,Conv_43,Add_12,Relu_39,Conv_44,Relu_40,Conv_45,Relu_41,Conv_46,Add_13,Relu_42,Conv_47,Relu_43,Conv_48,Relu_44,Conv_49,Add_14,Relu_45,Conv_50,Relu_46,Conv_51,Relu_47,Conv_52,Add_15,Relu_48,Conv_53,Relu_49,Conv_54,Relu_50,Conv_55,Add_16,Relu_51,Conv_56,Relu_52,Conv_57,Relu_53,Conv_58,Add_17,Relu_54,Conv_59,Relu_55,Conv_60,Relu_56,Conv_61,Add_18,Relu_57,Conv_62,Relu_58,Conv_63,Relu_59,Conv_64,Add_19,Relu_60,Conv_65,Relu_61,Conv_66,Relu_62,Conv_67,Add_20,Relu_63,Conv_68,Relu_64,Conv_69,Relu_65,Conv_70,Add_21,Relu_66,GlobalAveragePool_0,Flatten_0,Gemm_0,output
44,input,Conv_0,Relu_0,Conv_2,Relu_1,Conv_3,Relu_2,Conv_4,Conv_1,Add_0,Relu_3,Conv_6,Relu_4,Conv_7,Relu_5,Conv_8,Conv_5,Add_1,Relu_6,Conv_9,Relu_7,Conv_10,Relu_8,Conv_11,Add_2,Relu_9,Conv_13,Conv_12,Relu_10,Conv_14,Relu_11,Conv_15,Add_3,Relu_12,Conv_16,Relu_13,Conv_17,Relu_14,Conv_18,Add_4,Relu_15,Conv_19,Relu_16,Conv_20,Relu_17,Conv_21,Add_5,Relu_18,Conv_22,Relu_19,Conv_23,Relu_20,Conv_24,Add_6,Relu_21,Conv_25,Relu_22,Conv_26,Relu_23,Conv_27,Add_7,Relu_24,Conv_28,Relu_25,Conv_29,Relu_26,Conv_30,Add_8,Relu_27,Conv_31,Relu_28,Conv_32,Relu_29,Conv_33,Add_9,Relu_30,Conv_34,Conv_35,Relu_31,Conv_36,Relu_32,Conv_37,Add_10,Relu_33,Conv_38,Relu_34,Conv_39,Relu_35,Conv_40,Add_11,Relu_36,Conv_41,Relu_37,Conv_42,Relu_38,Conv_43,Add_12,Relu_39,Conv_44,Relu_40,Conv_45,Relu_41,Conv_46,Add_13,Relu_42,Conv_47,Relu_43,Conv_48,Relu_44,Conv_49,Add_14,Relu_45,Conv_50,Relu_46,Conv_51,Relu_47,Conv_52,Add_15,Relu_48,Conv_53,Relu_49,Conv_54,Relu_50,Conv_55,Add_16,Relu_51,Conv_56,Relu_52,Conv_57,Relu_53,Conv_58,Add_17,Relu_54,Conv_59,Relu_55,Conv_60,Relu_56,Conv_61,Add_18,Relu_57,Conv_62,Relu_58,Conv_63,Relu_59,Conv_64,Add_19,Relu_60,Conv_65,Relu_61,Conv_66,Relu_62,Conv_67,Add_20,Relu_63,Conv_68,Relu_64,Conv_69,Relu_65,Conv_70,Add_21,Relu_66,GlobalAveragePool_0,Flatten_0,Gemm_0,output
45,input,Conv_0,Relu_0,Conv_2,Relu_1,Conv_3,Relu_2,Conv_4,Conv_1,Add_0,Relu_3,Conv_6,Relu_4,Conv_7,Relu_5,Conv_8,Conv_5,Add_1,Relu_6,Conv_9,Relu_7,Conv_10,Relu_8,Conv_11,Add_2,Relu_9,Conv_13,Relu_10,Conv_14,Conv_12,Relu_11,Conv_15,Add_3,Relu_12,Conv_16,Relu_13,Conv_17,Relu_14,Conv_18,Add_4,Relu_15,Conv_19,Relu_16,Conv_20,Relu_17,Conv_21,Add_5,Relu_18,Conv_22,Relu_19,Conv_23,Relu_20,Conv_24,Add_6,Relu_21,Conv_25,Relu_22,Conv_26,Relu_23,Conv_27,Add_7,Relu_24,Conv_28,Relu_25,Conv_29,Relu_26,Conv_30,Add_8,Relu_27,Conv_31,Relu_28,Conv_32,Relu_29,Conv_33,Add_9,Relu_30,Conv_35,Conv_34,Relu_31,Conv_36,Relu_32,Conv_37,Add_10,Relu_33,Conv_38,Relu_34,Conv_39,Relu_35,Conv_40,Add_11,Relu_36,Conv_41,Relu_37,Conv_42,Relu_38,Conv_43,Add_12,Relu_39,Conv_44,Relu_40,Conv_45,Relu_41,Conv_46,Add_13,Relu_42,Conv_47,Relu_43,Conv_48,Relu_44,Conv_49,Add_14,Relu_45,Conv_50,Relu_46,Conv_51,Relu_47,Conv_52,Add_15,Relu_48,Conv_53,Relu_49,Conv_54,Relu_50,Conv_55,Add_16,Relu_51,Conv_56,Relu_52,Conv_57,Relu_53,Conv_58,Add_17,Relu_54,Conv_59,Relu_55,Conv_60,Relu_56,Conv_61,Add_18,Relu_57,Conv_62,Relu_58,Conv_63,Relu_59,Conv_64,Add_19,Relu_60,Conv_65,Relu_61,Conv_66,Relu_62,Conv_67,Add_20,Relu_63,Conv_68,Relu_64,Conv_69,Relu_65,Conv_70,Add_21,Relu_66,GlobalAveragePool_0,Flatten_0,Gemm_0,output
46,input,Conv_0,Relu_0,Conv_2,Relu_1,Conv_3,Relu_2,Conv_4,Conv_1,Add_0,Relu_3,Conv_6,Relu_4,Conv_7,Relu_5,Conv_8,Conv_5,Add_1,Relu_6,Conv_9,Relu_7,Conv_10,Relu_8,Conv_11,Add_2,Relu_9,Conv_13,Relu_10,Conv_14,Conv_12,Relu_11,Conv_15,Add_3,Relu_12,Conv_16,Relu_13,Conv_17,Relu_14,Conv_18,Add_4,Relu_15,Conv_19,Relu_16,Conv_20,Relu_17,Conv_21,Add_5,Relu_18,Conv_22,Relu_19,Conv_23,Relu_20,Conv_24,Add_6,Relu_21,Conv_25,Relu_22,Conv_26,Relu_23,Conv_27,Add_7,Relu_24,Conv_28,Relu_25,Conv_29,Relu_26,Conv_30,Add_8,Relu_27,Conv_31,Relu_28,Conv_32,Relu_29,Conv_33,Add_9,Relu_30,Conv_35,Relu_31,Conv_34,Conv_36,Relu_32,Conv_37,Add_10,Relu_33,Conv_38,Relu_34,Conv_39,Relu_35,Conv_40,Add_11,Relu_36,Conv_41,Relu_37,Conv_42,Relu_38,Conv_43,Add_12,Relu_39,Conv_44,Relu_40,Conv_45,Relu_41,Conv_46,Add_13,Relu_42,Conv_47,Relu_43,Conv_48,Relu_44,Conv_49,Add_14,Relu_45,Conv_50,Relu_46,Conv_51,Relu_47,Conv_52,Add_15,Relu_48,Conv_53,Relu_49,Conv_54,Relu_50,Conv_55,Add_16,Relu_51,Conv_56,Relu_52,Conv_57,Relu_53,Conv_58,Add_17,Relu_54,Conv_59,Relu_55,Conv_60,Relu_56,Conv_61,Add_18,Relu_57,Conv_62,Relu_58,Conv_63,Relu_59,Conv_64,Add_19,Relu_60,Conv_65,Relu_61,Conv_66,Relu_62,Conv_67,Add_20,Relu_63,Conv_68,Relu_64,Conv_69,Relu_65,Conv_70,Add_21,Relu_66,GlobalAveragePool_0,Flatten_0,Gemm_0,output
47,input,Conv_0,Relu_0,Conv_2,Relu_1,Conv_3,Relu_2,Conv_4,Conv_1,Add_0,Relu_3,Conv_6,Relu_4,Conv_7,Relu_5,Conv_8,Conv_5,Add_1,Relu_6,Conv_9,Relu_7,Conv_10,Relu_8,Conv_11,Add_2,Relu_9,Conv_13,Relu_10,Conv_14,Relu_11,Conv_12,Conv_15,Add_3,Relu_12,Conv_16,Relu_13,Conv_17,Relu_14,Conv_18,Add_4,Relu_15,Conv_19,Relu_16,Conv_20,Relu_17,Conv_21,Add_5,Relu_18,Conv_22,Relu_19,Conv_23,Relu_20,Conv_24,Add_6,Relu_21,Conv_25,Relu_22,Conv_26,Relu_23,Conv_27,Add_7,Relu_24,Conv_28,Relu_25,Conv_29,Relu_26,Conv_30,Add_8,Relu_27,Conv_31,Relu_28,Conv_32,Relu_29,Conv_33,Add_9,Relu_30,Conv_35,Conv_34,Relu_31,Conv_36,Relu_32,Conv_37,Add_10,Relu_33,Conv_38,Relu_34,Conv_39,Relu_35,Conv_40,Add_11,Relu_36,Conv_41,Relu_37,Conv_42,Relu_38,Conv_43,Add_12,Relu_39,Conv_44,Relu_40,Conv_45,Relu_41,Conv_46,Add_13,Relu_42,Conv_47,Relu_43,Conv_48,Relu_44,Conv_49,Add_14,Relu_45,Conv_50,Relu_46,Conv_51,Relu_47,Conv_52,Add_15,Relu_48,Conv_53,Relu_49,Conv_54,Relu_50,Conv_55,Add_16,Relu_51,Conv_56,Relu_52,Conv_57,Relu_53,Conv_58,Add_17,Relu_54,Conv_59,Relu_55,Conv_60,Relu_56,Conv_61,Add_18,Relu_57,Conv_62,Relu_58,Conv_63,Relu_59,Conv_64,Add_19,Relu_60,Conv_65,Relu_61,Conv_66,Relu_62,Conv_67,Add_20,Relu_63,Conv_68,Relu_64,Conv_69,Relu_65,Conv_70,Add_21,Relu_66,GlobalAveragePool_0,Flatten_0,Gemm_0,output
48,input,Conv_0,Relu_0,Conv_2,Relu_1,Conv_3,Relu_2,Conv_4,Conv_1,Add_0,Relu_3,Conv_6,Relu_4,Conv_7,Relu_5,Conv_8,Conv_5,Add_1,Relu_6,Conv_9,Relu_7,Conv_10,Relu_8,Conv_11,Add_2,Relu_9,Conv_13,Relu_10,Conv_14,Relu_11,Conv_15,Conv_12,Add_3,Relu_12,Conv_16,Relu_13,Conv_17,Relu_14,Conv_18,Add_4,Relu_15,Conv_19,Relu_16,Conv_20,Relu_17,Conv_21,Add_5,Relu_18,Conv_22,Relu_19,Conv_23,Relu_20,Conv_24,Add_6,Relu_21,Conv_25,Relu_22,Conv_26,Relu_23,Conv_27,Add_7,Relu_24,Conv_28,Relu_25,Conv_29,Relu_26,Conv_30,Add_8,Relu_27,Conv_31,Relu_28,Conv_32,Relu_29,Conv_33,Add_9,Relu_30,Conv_34,Conv_35,Relu_31,Conv_36,Relu_32,Conv_37,Add_10,Relu_33,Conv_38,Relu_34,Conv_39,Relu_35,Conv_40,Add_11,Relu_36,Conv_41,Relu_37,Conv_42,Relu_38,Conv_43,Add_12,Relu_39,Conv_44,Relu_40,Conv_45,Relu_41,Conv_46,Add_13,Relu_42,Conv_47,Relu_43,Conv_48,Relu_44,Conv_49,Add_14,Relu_45,Conv_50,Relu_46,Conv_51,Relu_47,Conv_52,Add_15,Relu_48,Conv_53,Relu_49,Conv_54,Relu_50,Conv_55,Add_16,Relu_51,Conv_56,Relu_52,Conv_57,Relu_53,Conv_58,Add_17,Relu_54,Conv_59,Relu_55,Conv_60,Relu_56,Conv_61,Add_18,Relu_57,Conv_62,Relu_58,Conv_63,Relu_59,Conv_64,Add_19,Relu_60,Conv_65,Relu_61,Conv_66,Relu_62,Conv_67,Add_20,Relu_63,Conv_68,Relu_64,Conv_69,Relu_65,Conv_70,Add_21,Relu_66,GlobalAveragePool_0,Flatten_0,Gemm_0,output
49,input,Conv_0,Relu_0,Conv_2,Relu_1,Conv_3,Relu_2,Conv_4,Conv_1,Add_0,Relu_3,Conv_6,Relu_4,Conv_7,Relu_5,Conv_8,Conv_5,Add_1,Relu_6,Conv_9,Relu_7,Conv_10,Relu_8,Conv_11,Add_2,Relu_9,Conv_13,Relu_10,Conv_14,Relu_11,Conv_15,Conv_12,Add_3,Relu_12,Conv_16,Relu_13,Conv_17,Relu_14,Conv_18,Add_4,Relu_15,Conv_19,Relu_16,Conv_20,Relu_17,Conv_21,Add_5,Relu_18,Conv_22,Relu_19,Conv_23,Relu_20,Conv_24,Add_6,Relu_21,Conv_25,Relu_22,Conv_26,Relu_23,Conv_27,Add_7,Relu_24,Conv_28,Relu_25,Conv_29,Relu_26,Conv_30,Add_8,Relu_27,Conv_31,Relu_28,Conv_32,Relu_29,Conv_33,Add_9,Relu_30,Conv_35,Relu_31,Conv_34,Conv_36,Relu_32,Conv_37,Add_10,Relu_33,Conv_38,Relu_34,Conv_39,Relu_35,Conv_40,Add_11,Relu_36,Conv_41,Relu_37,Conv_42,Relu_38,Conv_43,Add_12,Relu_39,Conv_44,Relu_40,Conv_45,Relu_41,Conv_46,Add_13,Relu_42,Conv_47,Relu_43,Conv_48,Relu_44,Conv_49,Add_14,Relu_45,Conv_50,Relu_46,Conv_51,Relu_47,Conv_52,Add_15,Relu_48,Conv_53,Relu_49,Conv_54,Relu_50,Conv_55,Add_16,Relu_51,Conv_56,Relu_52,Conv_57,Relu_53,Conv_58,Add_17,Relu_54,Conv_59,Relu_55,Conv_60,Relu_56,Conv_61,Add_18,Relu_57,Conv_62,Relu_58,Conv_63,Relu_59,Conv_64,Add_19,Relu_60,Conv_65,Relu_61,Conv_66,Relu_62,Conv_67,Add_20,Relu_63,Conv_68,Relu_64,Conv_69,Relu_65,Conv_70,Add_21,Relu_66,GlobalAveragePool_0,Flatten_0,Gemm_0,output
50,input,Conv_0,Relu_0,Conv_2,Relu_1,Conv_3,Relu_2,Conv_4,Conv_1,Add_0,Relu_3,Conv_6,Relu_4,Conv_7,Relu_5,Conv_8,Conv_5,Add_1,Relu_6,Conv_9,Relu_7,Conv_10,Relu_8,Conv_11,Add_2,Relu_9,Conv_13,Relu_10,Conv_14,Relu_11,Conv_15,Conv_12,Add_3,Relu_12,Conv_16,Relu_13,Conv_17,Relu_14,Conv_18,Add_4,Relu_15,Conv_19,Relu_16,Conv_20,Relu_17,Conv_21,Add_5,Relu_18,Conv_22,Relu_19,Conv_23,Relu_20,Conv_24,Add_6,Relu_21,Conv_25,Relu_22,Conv_26,Relu_23,Conv_27,Add_7,Relu_24,Conv_28,Relu_25,Conv_29,Relu_26,Conv_30,Add_8,Relu_27,Conv_31,Relu_28,Conv_32,Relu_29,Conv_33,Add_9,Relu_30,Conv_35,Relu_31,Conv_36,Relu_32,Conv_34,Conv_37,Add_10,Relu_33,Conv_38,Relu_34,Conv_39,Relu_35,Conv_40,Add_11,Relu_36,Conv_41,Relu_37,Conv_42,Relu_38,Conv_43,Add_12,Relu_39,Conv_44,Relu_40,Conv_45,Relu_41,Conv_46,Add_13,Relu_42,Conv_47,Relu_43,Conv_48,Relu_44,Conv_49,Add_14,Relu_45,Conv_50,Relu_46,Conv_51,Relu_47,Conv_52,Add_15,Relu_48,Conv_53,Relu_49,Conv_54,Relu_50,Conv_55,Add_16,Relu_51,Conv_56,Relu_52,Conv_57,Relu_53,Conv_58,Add_17,Relu_54,Conv_59,Relu_55,Conv_60,Relu_56,Conv_61,Add_18,Relu_57,Conv_62,Relu_58,Conv_63,Relu_59,Conv_64,Add_19,Relu_60,Conv_65,Relu_61,Conv_66,Relu_62,Conv_67,Add_20,Relu_63,Conv_68,Relu_64,Conv_69,Relu_65,Conv_70,Add_21,Relu_66,GlobalAveragePool_0,Flatten_0,Gemm_0,output
51,input,Conv_0,Relu_0,Conv_2,Relu_1,Conv_3,Relu_2,Conv_4,Conv_1,Add_0,Relu_3,Conv_6,Relu_4,Conv_7,Relu_5,Conv_8,Conv_5,Add_1,Relu_6,Conv_9,Relu_7,Conv_10,Relu_8,Conv_11,Add_2,Relu_9,Conv_13,Relu_10,Conv_14,Relu_11,Conv_15,Conv_12,Add_3,Relu_12,Conv_16,Relu_13,Conv_17,Relu_14,Conv_18,Add_4,Relu_15,Conv_19,Relu_16,Conv_20,Relu_17,Conv_21,Add_5,Relu_18,Conv_22,Relu_19,Conv_23,Relu_20,Conv_24,Add_6,Relu_21,Conv_25,Relu_22,Conv_26,Relu_23,Conv_27,Add_7,Relu_24,Conv_28,Relu_25,Conv_29,Relu_26,Conv_30,Add_8,Relu_27,Conv_31,Relu_28,Conv_32,Relu_29,Conv_33,Add_9,Relu_30,Conv_35,Relu_31,Conv_36,Relu_32,Conv_37,Conv_34,Add_10,Relu_33,Conv_38,Relu_34,Conv_39,Relu_35,Conv_40,Add_11,Relu_36,Conv_41,Relu_37,Conv_42,Relu_38,Conv_43,Add_12,Relu_39,Conv_44,Relu_40,Conv_45,Relu_41,Conv_46,Add_13,Relu_42,Conv_47,Relu_43,Conv_48,Relu_44,Conv_49,Add_14,Relu_45,Conv_50,Relu_46,Conv_51,Relu_47,Conv_52,Add_15,Relu_48,Conv_53,Relu_49,Conv_54,Relu_50,Conv_55,Add_16,Relu_51,Conv_56,Relu_52,Conv_57,Relu_53,Conv_58,Add_17,Relu_54,Conv_59,Relu_55,Conv_60,Relu_56,Conv_61,Add_18,Relu_57,Conv_62,Relu_58,Conv_63,Relu_59,Conv_64,Add_19,Relu_60,Conv_65,Relu_61,Conv_66,Relu_62,Conv_67,Add_20,Relu_63,Conv_68,Relu_64,Conv_69,Relu_65,Conv_70,Add_21,Relu_66,GlobalAveragePool_0,Flatten_0,Gemm_0,output
