0,input,Conv_0,Relu_0,MaxPool_0,Conv_1,Relu_1,Conv_2,Conv_4,Relu_2,Conv_3,Add_0,Relu_3,Conv_5,Relu_4,Conv_6,Relu_5,Conv_7,Add_1,Relu_6,Conv_8,Relu_7,Conv_9,Relu_8,Conv_10,Add_2,Relu_9,Conv_11,Conv_14,Relu_10,Conv_12,Relu_11,Conv_13,Add_3,Relu_12,Conv_15,Relu_13,Conv_16,Relu_14,Conv_17,Add_4,Relu_15,Conv_18,Relu_16,Conv_19,Relu_17,Conv_20,Add_5,Relu_18,Conv_21,Relu_19,Conv_22,Relu_20,Conv_23,Add_6,Relu_21,Conv_27,Conv_24,Relu_22,Conv_25,Relu_23,Conv_26,Add_7,Relu_24,Conv_28,Relu_25,Conv_29,Relu_26,Conv_30,Add_8,Relu_27,Conv_31,Relu_28,Conv_32,Relu_29,Conv_33,Add_9,Relu_30,Conv_34,Relu_31,Conv_35,Relu_32,Conv_36,Add_10,Relu_33,Conv_37,Relu_34,Conv_38,Relu_35,Conv_39,Add_11,Relu_36,Conv_40,Relu_37,Conv_41,Relu_38,Conv_42,Add_12,Relu_39,Conv_46,Conv_43,Relu_40,Conv_44,Relu_41,Conv_45,Add_13,Relu_42,Conv_47,Relu_43,Conv_48,Relu_44,Conv_49,Add_14,Relu_45,Conv_50,Relu_46,Conv_51,Relu_47,Conv_52,Add_15,Relu_48,GlobalAveragePool_0,Flatten_0,Gemm_0,output
1,input,Conv_0,Relu_0,MaxPool_0,Conv_1,Relu_1,Conv_2,Conv_4,Relu_2,Conv_3,Add_0,Relu_3,Conv_5,Relu_4,Conv_6,Relu_5,Conv_7,Add_1,Relu_6,Conv_8,Relu_7,Conv_9,Relu_8,Conv_10,Add_2,Relu_9,Conv_11,Relu_10,Conv_12,Conv_14,Relu_11,Conv_13,Add_3,Relu_12,Conv_15,Relu_13,Conv_16,Relu_14,Conv_17,Add_4,Relu_15,Conv_18,Relu_16,Conv_19,Relu_17,Conv_20,Add_5,Relu_18,Conv_21,Relu_19,Conv_22,Relu_20,Conv_23,Add_6,Relu_21,Conv_24,Conv_27,Relu_22,Conv_25,Relu_23,Conv_26,Add_7,Relu_24,Conv_28,Relu_25,Conv_29,Relu_26,Conv_30,Add_8,Relu_27,Conv_31,Relu_28,Conv_32,Relu_29,Conv_33,Add_9,Relu_30,Conv_34,Relu_31,Conv_35,Relu_32,Conv_36,Add_10,Relu_33,Conv_37,Relu_34,Conv_38,Relu_35,Conv_39,Add_11,Relu_36,Conv_40,Relu_37,Conv_41,Relu_38,Conv_42,Add_12,Relu_39,Conv_43,Relu_40,Conv_44,Relu_41,Conv_45,Conv_46,Add_13,Relu_42,Conv_47,Relu_43,Conv_48,Relu_44,Conv_49,Add_14,Relu_45,Conv_50,Relu_46,Conv_51,Relu_47,Conv_52,Add_15,Relu_48,GlobalAveragePool_0,Flatten_0,Gemm_0,output
2,input,Conv_0,Relu_0,MaxPool_0,Conv_1,Relu_1,Conv_2,Conv_4,Relu_2,Conv_3,Add_0,Relu_3,Conv_5,Relu_4,Conv_6,Relu_5,Conv_7,Add_1,Relu_6,Conv_8,Relu_7,Conv_9,Relu_8,Conv_10,Add_2,Relu_9,Conv_11,Relu_10,Conv_12,Relu_11,Conv_13,Conv_14,Add_3,Relu_12,Conv_15,Relu_13,Conv_16,Relu_14,Conv_17,Add_4,Relu_15,Conv_18,Relu_16,Conv_19,Relu_17,Conv_20,Add_5,Relu_18,Conv_21,Relu_19,Conv_22,Relu_20,Conv_23,Add_6,Relu_21,Conv_24,Conv_27,Relu_22,Conv_25,Relu_23,Conv_26,Add_7,Relu_24,Conv_28,Relu_25,Conv_29,Relu_26,Conv_30,Add_8,Relu_27,Conv_31,Relu_28,Conv_32,Relu_29,Conv_33,Add_9,Relu_30,Conv_34,Relu_31,Conv_35,Relu_32,Conv_36,Add_10,Relu_33,Conv_37,Relu_34,Conv_38,Relu_35,Conv_39,Add_11,Relu_36,Conv_40,Relu_37,Conv_41,Relu_38,Conv_42,Add_12,Relu_39,Conv_43,Relu_40,Conv_44,Relu_41,Conv_45,Conv_46,Add_13,Relu_42,Conv_47,Relu_43,Conv_48,Relu_44,Conv_49,Add_14,Relu_45,Conv_50,Relu_46,Conv_51,Relu_47,Conv_52,Add_15,Relu_48,GlobalAveragePool_0,Flatten_0,Gemm_0,output
3,input,Conv_0,Relu_0,MaxPool_0,Conv_1,Relu_1,Conv_2,Conv_4,Relu_2,Conv_3,Add_0,Relu_3,Conv_5,Relu_4,Conv_6,Relu_5,Conv_7,Add_1,Relu_6,Conv_8,Relu_7,Conv_9,Relu_8,Conv_10,Add_2,Relu_9,Conv_11,Relu_10,Conv_12,Relu_11,Conv_13,Conv_14,Add_3,Relu_12,Conv_15,Relu_13,Conv_16,Relu_14,Conv_17,Add_4,Relu_15,Conv_18,Relu_16,Conv_19,Relu_17,Conv_20,Add_5,Relu_18,Conv_21,Relu_19,Conv_22,Relu_20,Conv_23,Add_6,Relu_21,Conv_24,Relu_22,Conv_25,Relu_23,Conv_27,Conv_26,Add_7,Relu_24,Conv_28,Relu_25,Conv_29,Relu_26,Conv_30,Add_8,Relu_27,Conv_31,Relu_28,Conv_32,Relu_29,Conv_33,Add_9,Relu_30,Conv_34,Relu_31,Conv_35,Relu_32,Conv_36,Add_10,Relu_33,Conv_37,Relu_34,Conv_38,Relu_35,Conv_39,Add_11,Relu_36,Conv_40,Relu_37,Conv_41,Relu_38,Conv_42,Add_12,Relu_39,Conv_43,Conv_46,Relu_40,Conv_44,Relu_41,Conv_45,Add_13,Relu_42,Conv_47,Relu_43,Conv_48,Relu_44,Conv_49,Add_14,Relu_45,Conv_50,Relu_46,Conv_51,Relu_47,Conv_52,Add_15,Relu_48,GlobalAveragePool_0,Flatten_0,Gemm_0,output
4,input,Conv_0,Relu_0,MaxPool_0,Conv_1,Relu_1,Conv_2,Conv_4,Relu_2,Conv_3,Add_0,Relu_3,Conv_5,Relu_4,Conv_6,Relu_5,Conv_7,Add_1,Relu_6,Conv_8,Relu_7,Conv_9,Relu_8,Conv_10,Add_2,Relu_9,Conv_11,Relu_10,Conv_12,Relu_11,Conv_13,Conv_14,Add_3,Relu_12,Conv_15,Relu_13,Conv_16,Relu_14,Conv_17,Add_4,Relu_15,Conv_18,Relu_16,Conv_19,Relu_17,Conv_20,Add_5,Relu_18,Conv_21,Relu_19,Conv_22,Relu_20,Conv_23,Add_6,Relu_21,Conv_24,Relu_22,Conv_25,Relu_23,Conv_27,Conv_26,Add_7,Relu_24,Conv_28,Relu_25,Conv_29,Relu_26,Conv_30,Add_8,Relu_27,Conv_31,Relu_28,Conv_32,Relu_29,Conv_33,Add_9,Relu_30,Conv_34,Relu_31,Conv_35,Relu_32,Conv_36,Add_10,Relu_33,Conv_37,Relu_34,Conv_38,Relu_35,Conv_39,Add_11,Relu_36,Conv_40,Relu_37,Conv_41,Relu_38,Conv_42,Add_12,Relu_39,Conv_43,Relu_40,Conv_44,Relu_41,Conv_45,Conv_46,Add_13,Relu_42,Conv_47,Relu_43,Conv_48,Relu_44,Conv_49,Add_14,Relu_45,Conv_50,Relu_46,Conv_51,Relu_47,Conv_52,Add_15,Relu_48,GlobalAveragePool_0,Flatten_0,Gemm_0,output
5,input,Conv_0,Relu_0,MaxPool_0,Conv_1,Relu_1,Conv_2,Conv_4,Relu_2,Conv_3,Add_0,Relu_3,Conv_5,Relu_4,Conv_6,Relu_5,Conv_7,Add_1,Relu_6,Conv_8,Relu_7,Conv_9,Relu_8,Conv_10,Add_2,Relu_9,Conv_11,Relu_10,Conv_12,Relu_11,Conv_13,Conv_14,Add_3,Relu_12,Conv_15,Relu_13,Conv_16,Relu_14,Conv_17,Add_4,Relu_15,Conv_18,Relu_16,Conv_19,Relu_17,Conv_20,Add_5,Relu_18,Conv_21,Relu_19,Conv_22,Relu_20,Conv_23,Add_6,Relu_21,Conv_24,Relu_22,Conv_25,Relu_23,Conv_27,Conv_26,Add_7,Relu_24,Conv_28,Relu_25,Conv_29,Relu_26,Conv_30,Add_8,Relu_27,Conv_31,Relu_28,Conv_32,Relu_29,Conv_33,Add_9,Relu_30,Conv_34,Relu_31,Conv_35,Relu_32,Conv_36,Add_10,Relu_33,Conv_37,Relu_34,Conv_38,Relu_35,Conv_39,Add_11,Relu_36,Conv_40,Relu_37,Conv_41,Relu_38,Conv_42,Add_12,Relu_39,Conv_46,Conv_43,Relu_40,Conv_44,Relu_41,Conv_45,Add_13,Relu_42,Conv_47,Relu_43,Conv_48,Relu_44,Conv_49,Add_14,Relu_45,Conv_50,Relu_46,Conv_51,Relu_47,Conv_52,Add_15,Relu_48,GlobalAveragePool_0,Flatten_0,Gemm_0,output
6,input,Conv_0,Relu_0,MaxPool_0,Conv_1,Relu_1,Conv_2,Conv_4,Relu_2,Conv_3,Add_0,Relu_3,Conv_5,Relu_4,Conv_6,Relu_5,Conv_7,Add_1,Relu_6,Conv_8,Relu_7,Conv_9,Relu_8,Conv_10,Add_2,Relu_9,Conv_11,Relu_10,Conv_12,Relu_11,Conv_13,Conv_14,Add_3,Relu_12,Conv_15,Relu_13,Conv_16,Relu_14,Conv_17,Add_4,Relu_15,Conv_18,Relu_16,Conv_19,Relu_17,Conv_20,Add_5,Relu_18,Conv_21,Relu_19,Conv_22,Relu_20,Conv_23,Add_6,Relu_21,Conv_27,Conv_24,Relu_22,Conv_25,Relu_23,Conv_26,Add_7,Relu_24,Conv_28,Relu_25,Conv_29,Relu_26,Conv_30,Add_8,Relu_27,Conv_31,Relu_28,Conv_32,Relu_29,Conv_33,Add_9,Relu_30,Conv_34,Relu_31,Conv_35,Relu_32,Conv_36,Add_10,Relu_33,Conv_37,Relu_34,Conv_38,Relu_35,Conv_39,Add_11,Relu_36,Conv_40,Relu_37,Conv_41,Relu_38,Conv_42,Add_12,Relu_39,Conv_46,Conv_43,Relu_40,Conv_44,Relu_41,Conv_45,Add_13,Relu_42,Conv_47,Relu_43,Conv_48,Relu_44,Conv_49,Add_14,Relu_45,Conv_50,Relu_46,Conv_51,Relu_47,Conv_52,Add_15,Relu_48,GlobalAveragePool_0,Flatten_0,Gemm_0,output
7,input,Conv_0,Relu_0,MaxPool_0,Conv_1,Relu_1,Conv_2,Relu_2,Conv_3,Conv_4,Add_0,Relu_3,Conv_5,Relu_4,Conv_6,Relu_5,Conv_7,Add_1,Relu_6,Conv_8,Relu_7,Conv_9,Relu_8,Conv_10,Add_2,Relu_9,Conv_11,Relu_10,Conv_12,Conv_14,Relu_11,Conv_13,Add_3,Relu_12,Conv_15,Relu_13,Conv_16,Relu_14,Conv_17,Add_4,Relu_15,Conv_18,Relu_16,Conv_19,Relu_17,Conv_20,Add_5,Relu_18,Conv_21,Relu_19,Conv_22,Relu_20,Conv_23,Add_6,Relu_21,Conv_24,Relu_22,Conv_25,Relu_23,Conv_26,Conv_27,Add_7,Relu_24,Conv_28,Relu_25,Conv_29,Relu_26,Conv_30,Add_8,Relu_27,Conv_31,Relu_28,Conv_32,Relu_29,Conv_33,Add_9,Relu_30,Conv_34,Relu_31,Conv_35,Relu_32,Conv_36,Add_10,Relu_33,Conv_37,Relu_34,Conv_38,Relu_35,Conv_39,Add_11,Relu_36,Conv_40,Relu_37,Conv_41,Relu_38,Conv_42,Add_12,Relu_39,Conv_46,Conv_43,Relu_40,Conv_44,Relu_41,Conv_45,Add_13,Relu_42,Conv_47,Relu_43,Conv_48,Relu_44,Conv_49,Add_14,Relu_45,Conv_50,Relu_46,Conv_51,Relu_47,Conv_52,Add_15,Relu_48,GlobalAveragePool_0,Flatten_0,Gemm_0,output
8,input,Conv_0,Relu_0,MaxPool_0,Conv_1,Relu_1,Conv_2,Relu_2,Conv_3,Conv_4,Add_0,Relu_3,Conv_5,Relu_4,Conv_6,Relu_5,Conv_7,Add_1,Relu_6,Conv_8,Relu_7,Conv_9,Relu_8,Conv_10,Add_2,Relu_9,Conv_11,Relu_10,Conv_12,Conv_14,Relu_11,Conv_13,Add_3,Relu_12,Conv_15,Relu_13,Conv_16,Relu_14,Conv_17,Add_4,Relu_15,Conv_18,Relu_16,Conv_19,Relu_17,Conv_20,Add_5,Relu_18,Conv_21,Relu_19,Conv_22,Relu_20,Conv_23,Add_6,Relu_21,Conv_24,Relu_22,Conv_25,Relu_23,Conv_27,Conv_26,Add_7,Relu_24,Conv_28,Relu_25,Conv_29,Relu_26,Conv_30,Add_8,Relu_27,Conv_31,Relu_28,Conv_32,Relu_29,Conv_33,Add_9,Relu_30,Conv_34,Relu_31,Conv_35,Relu_32,Conv_36,Add_10,Relu_33,Conv_37,Relu_34,Conv_38,Relu_35,Conv_39,Add_11,Relu_36,Conv_40,Relu_37,Conv_41,Relu_38,Conv_42,Add_12,Relu_39,Conv_43,Relu_40,Conv_44,Relu_41,Conv_45,Conv_46,Add_13,Relu_42,Conv_47,Relu_43,Conv_48,Relu_44,Conv_49,Add_14,Relu_45,Conv_50,Relu_46,Conv_51,Relu_47,Conv_52,Add_15,Relu_48,GlobalAveragePool_0,Flatten_0,Gemm_0,output
9,input,Conv_0,Relu_0,MaxPool_0,Conv_1,Relu_1,Conv_2,Relu_2,Conv_3,Conv_4,Add_0,Relu_3,Conv_5,Relu_4,Conv_6,Relu_5,Conv_7,Add_1,Relu_6,Conv_8,Relu_7,Conv_9,Relu_8,Conv_10,Add_2,Relu_9,Conv_11,Relu_10,Conv_12,Conv_14,Relu_11,Conv_13,Add_3,Relu_12,Conv_15,Relu_13,Conv_16,Relu_14,Conv_17,Add_4,Relu_15,Conv_18,Relu_16,Conv_19,Relu_17,Conv_20,Add_5,Relu_18,Conv_21,Relu_19,Conv_22,Relu_20,Conv_23,Add_6,Relu_21,Conv_24,Relu_22,Conv_27,Conv_25,Relu_23,Conv_26,Add_7,Relu_24,Conv_28,Relu_25,Conv_29,Relu_26,Conv_30,Add_8,Relu_27,Conv_31,Relu_28,Conv_32,Relu_29,Conv_33,Add_9,Relu_30,Conv_34,Relu_31,Conv_35,Relu_32,Conv_36,Add_10,Relu_33,Conv_37,Relu_34,Conv_38,Relu_35,Conv_39,Add_11,Relu_36,Conv_40,Relu_37,Conv_41,Relu_38,Conv_42,Add_12,Relu_39,Conv_46,Conv_43,Relu_40,Conv_44,Relu_41,Conv_45,Add_13,Relu_42,Conv_47,Relu_43,Conv_48,Relu_44,Conv_49,Add_14,Relu_45,Conv_50,Relu_46,Conv_51,Relu_47,Conv_52,Add_15,Relu_48,GlobalAveragePool_0,Flatten_0,Gemm_0,output
10,input,Conv_0,Relu_0,MaxPool_0,Conv_1,Relu_1,Conv_2,Relu_2,Conv_3,Conv_4,Add_0,Relu_3,Conv_5,Relu_4,Conv_6,Relu_5,Conv_7,Add_1,Relu_6,Conv_8,Relu_7,Conv_9,Relu_8,Conv_10,Add_2,Relu_9,Conv_11,Relu_10,Conv_12,Relu_11,Conv_13,Conv_14,Add_3,Relu_12,Conv_15,Relu_13,Conv_16,Relu_14,Conv_17,Add_4,Relu_15,Conv_18,Relu_16,Conv_19,Relu_17,Conv_20,Add_5,Relu_18,Conv_21,Relu_19,Conv_22,Relu_20,Conv_23,Add_6,Relu_21,Conv_24,Relu_22,Conv_25,Conv_27,Relu_23,Conv_26,Add_7,Relu_24,Conv_28,Relu_25,Conv_29,Relu_26,Conv_30,Add_8,Relu_27,Conv_31,Relu_28,Conv_32,Relu_29,Conv_33,Add_9,Relu_30,Conv_34,Relu_31,Conv_35,Relu_32,Conv_36,Add_10,Relu_33,Conv_37,Relu_34,Conv_38,Relu_35,Conv_39,Add_11,Relu_36,Conv_40,Relu_37,Conv_41,Relu_38,Conv_42,Add_12,Relu_39,Conv_46,Conv_43,Relu_40,Conv_44,Relu_41,Conv_45,Add_13,Relu_42,Conv_47,Relu_43,Conv_48,Relu_44,Conv_49,Add_14,Relu_45,Conv_50,Relu_46,Conv_51,Relu_47,Conv_52,Add_15,Relu_48,GlobalAveragePool_0,Flatten_0,Gemm_0,output
11,input,Conv_0,Relu_0,MaxPool_0,Conv_1,Relu_1,Conv_2,Relu_2,Conv_3,Conv_4,Add_0,Relu_3,Conv_5,Relu_4,Conv_6,Relu_5,Conv_7,Add_1,Relu_6,Conv_8,Relu_7,Conv_9,Relu_8,Conv_10,Add_2,Relu_9,Conv_11,Relu_10,Conv_12,Relu_11,Conv_13,Conv_14,Add_3,Relu_12,Conv_15,Relu_13,Conv_16,Relu_14,Conv_17,Add_4,Relu_15,Conv_18,Relu_16,Conv_19,Relu_17,Conv_20,Add_5,Relu_18,Conv_21,Relu_19,Conv_22,Relu_20,Conv_23,Add_6,Relu_21,Conv_24,Relu_22,Conv_25,Relu_23,Conv_26,Conv_27,Add_7,Relu_24,Conv_28,Relu_25,Conv_29,Relu_26,Conv_30,Add_8,Relu_27,Conv_31,Relu_28,Conv_32,Relu_29,Conv_33,Add_9,Relu_30,Conv_34,Relu_31,Conv_35,Relu_32,Conv_36,Add_10,Relu_33,Conv_37,Relu_34,Conv_38,Relu_35,Conv_39,Add_11,Relu_36,Conv_40,Relu_37,Conv_41,Relu_38,Conv_42,Add_12,Relu_39,Conv_43,Relu_40,Conv_44,Conv_46,Relu_41,Conv_45,Add_13,Relu_42,Conv_47,Relu_43,Conv_48,Relu_44,Conv_49,Add_14,Relu_45,Conv_50,Relu_46,Conv_51,Relu_47,Conv_52,Add_15,Relu_48,GlobalAveragePool_0,Flatten_0,Gemm_0,output
12,input,Conv_0,Relu_0,MaxPool_0,Conv_1,Relu_1,Conv_2,Relu_2,Conv_3,Conv_4,Add_0,Relu_3,Conv_5,Relu_4,Conv_6,Relu_5,Conv_7,Add_1,Relu_6,Conv_8,Relu_7,Conv_9,Relu_8,Conv_10,Add_2,Relu_9,Conv_11,Relu_10,Conv_12,Relu_11,Conv_13,Conv_14,Add_3,Relu_12,Conv_15,Relu_13,Conv_16,Relu_14,Conv_17,Add_4,Relu_15,Conv_18,Relu_16,Conv_19,Relu_17,Conv_20,Add_5,Relu_18,Conv_21,Relu_19,Conv_22,Relu_20,Conv_23,Add_6,Relu_21,Conv_24,Relu_22,Conv_25,Relu_23,Conv_26,Conv_27,Add_7,Relu_24,Conv_28,Relu_25,Conv_29,Relu_26,Conv_30,Add_8,Relu_27,Conv_31,Relu_28,Conv_32,Relu_29,Conv_33,Add_9,Relu_30,Conv_34,Relu_31,Conv_35,Relu_32,Conv_36,Add_10,Relu_33,Conv_37,Relu_34,Conv_38,Relu_35,Conv_39,Add_11,Relu_36,Conv_40,Relu_37,Conv_41,Relu_38,Conv_42,Add_12,Relu_39,Conv_43,Relu_40,Conv_44,Relu_41,Conv_45,Conv_46,Add_13,Relu_42,Conv_47,Relu_43,Conv_48,Relu_44,Conv_49,Add_14,Relu_45,Conv_50,Relu_46,Conv_51,Relu_47,Conv_52,Add_15,Relu_48,GlobalAveragePool_0,Flatten_0,Gemm_0,output
13,input,Conv_0,Relu_0,MaxPool_0,Conv_1,Relu_1,Conv_2,Relu_2,Conv_3,Conv_4,Add_0,Relu_3,Conv_5,Relu_4,Conv_6,Relu_5,Conv_7,Add_1,Relu_6,Conv_8,Relu_7,Conv_9,Relu_8,Conv_10,Add_2,Relu_9,Conv_11,Relu_10,Conv_12,Relu_11,Conv_13,Conv_14,Add_3,Relu_12,Conv_15,Relu_13,Conv_16,Relu_14,Conv_17,Add_4,Relu_15,Conv_18,Relu_16,Conv_19,Relu_17,Conv_20,Add_5,Relu_18,Conv_21,Relu_19,Conv_22,Relu_20,Conv_23,Add_6,Relu_21,Conv_24,Relu_22,Conv_25,Relu_23,Conv_26,Conv_27,Add_7,Relu_24,Conv_28,Relu_25,Conv_29,Relu_26,Conv_30,Add_8,Relu_27,Conv_31,Relu_28,Conv_32,Relu_29,Conv_33,Add_9,Relu_30,Conv_34,Relu_31,Conv_35,Relu_32,Conv_36,Add_10,Relu_33,Conv_37,Relu_34,Conv_38,Relu_35,Conv_39,Add_11,Relu_36,Conv_40,Relu_37,Conv_41,Relu_38,Conv_42,Add_12,Relu_39,Conv_43,Relu_40,Conv_46,Conv_44,Relu_41,Conv_45,Add_13,Relu_42,Conv_47,Relu_43,Conv_48,Relu_44,Conv_49,Add_14,Relu_45,Conv_50,Relu_46,Conv_51,Relu_47,Conv_52,Add_15,Relu_48,GlobalAveragePool_0,Flatten_0,Gemm_0,output
14,input,Conv_0,Relu_0,MaxPool_0,Conv_1,Relu_1,Conv_2,Relu_2,Conv_3,Conv_4,Add_0,Relu_3,Conv_5,Relu_4,Conv_6,Relu_5,Conv_7,Add_1,Relu_6,Conv_8,Relu_7,Conv_9,Relu_8,Conv_10,Add_2,Relu_9,Conv_11,Relu_10,Conv_12,Relu_11,Conv_13,Conv_14,Add_3,Relu_12,Conv_15,Relu_13,Conv_16,Relu_14,Conv_17,Add_4,Relu_15,Conv_18,Relu_16,Conv_19,Relu_17,Conv_20,Add_5,Relu_18,Conv_21,Relu_19,Conv_22,Relu_20,Conv_23,Add_6,Relu_21,Conv_24,Relu_22,Conv_25,Relu_23,Conv_26,Conv_27,Add_7,Relu_24,Conv_28,Relu_25,Conv_29,Relu_26,Conv_30,Add_8,Relu_27,Conv_31,Relu_28,Conv_32,Relu_29,Conv_33,Add_9,Relu_30,Conv_34,Relu_31,Conv_35,Relu_32,Conv_36,Add_10,Relu_33,Conv_37,Relu_34,Conv_38,Relu_35,Conv_39,Add_11,Relu_36,Conv_40,Relu_37,Conv_41,Relu_38,Conv_42,Add_12,Relu_39,Conv_46,Conv_43,Relu_40,Conv_44,Relu_41,Conv_45,Add_13,Relu_42,Conv_47,Relu_43,Conv_48,Relu_44,Conv_49,Add_14,Relu_45,Conv_50,Relu_46,Conv_51,Relu_47,Conv_52,Add_15,Relu_48,GlobalAveragePool_0,Flatten_0,Gemm_0,output
15,input,Conv_0,Relu_0,MaxPool_0,Conv_1,Relu_1,Conv_2,Relu_2,Conv_3,Conv_4,Add_0,Relu_3,Conv_5,Relu_4,Conv_6,Relu_5,Conv_7,Add_1,Relu_6,Conv_8,Relu_7,Conv_9,Relu_8,Conv_10,Add_2,Relu_9,Conv_11,Relu_10,Conv_12,Relu_11,Conv_13,Conv_14,Add_3,Relu_12,Conv_15,Relu_13,Conv_16,Relu_14,Conv_17,Add_4,Relu_15,Conv_18,Relu_16,Conv_19,Relu_17,Conv_20,Add_5,Relu_18,Conv_21,Relu_19,Conv_22,Relu_20,Conv_23,Add_6,Relu_21,Conv_24,Relu_22,Conv_25,Relu_23,Conv_27,Conv_26,Add_7,Relu_24,Conv_28,Relu_25,Conv_29,Relu_26,Conv_30,Add_8,Relu_27,Conv_31,Relu_28,Conv_32,Relu_29,Conv_33,Add_9,Relu_30,Conv_34,Relu_31,Conv_35,Relu_32,Conv_36,Add_10,Relu_33,Conv_37,Relu_34,Conv_38,Relu_35,Conv_39,Add_11,Relu_36,Conv_40,Relu_37,Conv_41,Relu_38,Conv_42,Add_12,Relu_39,Conv_43,Relu_40,Conv_46,Conv_44,Relu_41,Conv_45,Add_13,Relu_42,Conv_47,Relu_43,Conv_48,Relu_44,Conv_49,Add_14,Relu_45,Conv_50,Relu_46,Conv_51,Relu_47,Conv_52,Add_15,Relu_48,GlobalAveragePool_0,Flatten_0,Gemm_0,output
16,input,Conv_0,Relu_0,MaxPool_0,Conv_1,Relu_1,Conv_2,Relu_2,Conv_3,Conv_4,Add_0,Relu_3,Conv_5,Relu_4,Conv_6,Relu_5,Conv_7,Add_1,Relu_6,Conv_8,Relu_7,Conv_9,Relu_8,Conv_10,Add_2,Relu_9,Conv_11,Relu_10,Conv_12,Relu_11,Conv_13,Conv_14,Add_3,Relu_12,Conv_15,Relu_13,Conv_16,Relu_14,Conv_17,Add_4,Relu_15,Conv_18,Relu_16,Conv_19,Relu_17,Conv_20,Add_5,Relu_18,Conv_21,Relu_19,Conv_22,Relu_20,Conv_23,Add_6,Relu_21,Conv_24,Relu_22,Conv_25,Relu_23,Conv_27,Conv_26,Add_7,Relu_24,Conv_28,Relu_25,Conv_29,Relu_26,Conv_30,Add_8,Relu_27,Conv_31,Relu_28,Conv_32,Relu_29,Conv_33,Add_9,Relu_30,Conv_34,Relu_31,Conv_35,Relu_32,Conv_36,Add_10,Relu_33,Conv_37,Relu_34,Conv_38,Relu_35,Conv_39,Add_11,Relu_36,Conv_40,Relu_37,Conv_41,Relu_38,Conv_42,Add_12,Relu_39,Conv_46,Conv_43,Relu_40,Conv_44,Relu_41,Conv_45,Add_13,Relu_42,Conv_47,Relu_43,Conv_48,Relu_44,Conv_49,Add_14,Relu_45,Conv_50,Relu_46,Conv_51,Relu_47,Conv_52,Add_15,Relu_48,GlobalAveragePool_0,Flatten_0,Gemm_0,output
17,input,Conv_0,Relu_0,MaxPool_0,Conv_1,Relu_1,Conv_2,Relu_2,Conv_3,Conv_4,Add_0,Relu_3,Conv_5,Relu_4,Conv_6,Relu_5,Conv_7,Add_1,Relu_6,Conv_8,Relu_7,Conv_9,Relu_8,Conv_10,Add_2,Relu_9,Conv_11,Relu_10,Conv_12,Relu_11,Conv_13,Conv_14,Add_3,Relu_12,Conv_15,Relu_13,Conv_16,Relu_14,Conv_17,Add_4,Relu_15,Conv_18,Relu_16,Conv_19,Relu_17,Conv_20,Add_5,Relu_18,Conv_21,Relu_19,Conv_22,Relu_20,Conv_23,Add_6,Relu_21,Conv_24,Relu_22,Conv_27,Conv_25,Relu_23,Conv_26,Add_7,Relu_24,Conv_28,Relu_25,Conv_29,Relu_26,Conv_30,Add_8,Relu_27,Conv_31,Relu_28,Conv_32,Relu_29,Conv_33,Add_9,Relu_30,Conv_34,Relu_31,Conv_35,Relu_32,Conv_36,Add_10,Relu_33,Conv_37,Relu_34,Conv_38,Relu_35,Conv_39,Add_11,Relu_36,Conv_40,Relu_37,Conv_41,Relu_38,Conv_42,Add_12,Relu_39,Conv_43,Relu_40,Conv_44,Relu_41,Conv_45,Conv_46,Add_13,Relu_42,Conv_47,Relu_43,Conv_48,Relu_44,Conv_49,Add_14,Relu_45,Conv_50,Relu_46,Conv_51,Relu_47,Conv_52,Add_15,Relu_48,GlobalAveragePool_0,Flatten_0,Gemm_0,output
18,input,Conv_0,Relu_0,MaxPool_0,Conv_1,Relu_1,Conv_2,Relu_2,Conv_3,Conv_4,Add_0,Relu_3,Conv_5,Relu_4,Conv_6,Relu_5,Conv_7,Add_1,Relu_6,Conv_8,Relu_7,Conv_9,Relu_8,Conv_10,Add_2,Relu_9,Conv_11,Relu_10,Conv_12,Relu_11,Conv_13,Conv_14,Add_3,Relu_12,Conv_15,Relu_13,Conv_16,Relu_14,Conv_17,Add_4,Relu_15,Conv_18,Relu_16,Conv_19,Relu_17,Conv_20,Add_5,Relu_18,Conv_21,Relu_19,Conv_22,Relu_20,Conv_23,Add_6,Relu_21,Conv_24,Relu_22,Conv_27,Conv_25,Relu_23,Conv_26,Add_7,Relu_24,Conv_28,Relu_25,Conv_29,Relu_26,Conv_30,Add_8,Relu_27,Conv_31,Relu_28,Conv_32,Relu_29,Conv_33,Add_9,Relu_30,Conv_34,Relu_31,Conv_35,Relu_32,Conv_36,Add_10,Relu_33,Conv_37,Relu_34,Conv_38,Relu_35,Conv_39,Add_11,Relu_36,Conv_40,Relu_37,Conv_41,Relu_38,Conv_42,Add_12,Relu_39,Conv_46,Conv_43,Relu_40,Conv_44,Relu_41,Conv_45,Add_13,Relu_42,Conv_47,Relu_43,Conv_48,Relu_44,Conv_49,Add_14,Relu_45,Conv_50,Relu_46,Conv_51,Relu_47,Conv_52,Add_15,Relu_48,GlobalAveragePool_0,Flatten_0,Gemm_0,output
19,input,Conv_0,Relu_0,MaxPool_0,Conv_1,Relu_1,Conv_2,Relu_2,Conv_3,Conv_4,Add_0,Relu_3,Conv_5,Relu_4,Conv_6,Relu_5,Conv_7,Add_1,Relu_6,Conv_8,Relu_7,Conv_9,Relu_8,Conv_10,Add_2,Relu_9,Conv_11,Relu_10,Conv_12,Relu_11,Conv_13,Conv_14,Add_3,Relu_12,Conv_15,Relu_13,Conv_16,Relu_14,Conv_17,Add_4,Relu_15,Conv_18,Relu_16,Conv_19,Relu_17,Conv_20,Add_5,Relu_18,Conv_21,Relu_19,Conv_22,Relu_20,Conv_23,Add_6,Relu_21,Conv_27,Conv_24,Relu_22,Conv_25,Relu_23,Conv_26,Add_7,Relu_24,Conv_28,Relu_25,Conv_29,Relu_26,Conv_30,Add_8,Relu_27,Conv_31,Relu_28,Conv_32,Relu_29,Conv_33,Add_9,Relu_30,Conv_34,Relu_31,Conv_35,Relu_32,Conv_36,Add_10,Relu_33,Conv_37,Relu_34,Conv_38,Relu_35,Conv_39,Add_11,Relu_36,Conv_40,Relu_37,Conv_41,Relu_38,Conv_42,Add_12,Relu_39,Conv_43,Conv_46,Relu_40,Conv_44,Relu_41,Conv_45,Add_13,Relu_42,Conv_47,Relu_43,Conv_48,Relu_44,Conv_49,Add_14,Relu_45,Conv_50,Relu_46,Conv_51,Relu_47,Conv_52,Add_15,Relu_48,GlobalAveragePool_0,Flatten_0,Gemm_0,output
20,input,Conv_0,Relu_0,MaxPool_0,Conv_1,Relu_1,Conv_2,Relu_2,Conv_3,Conv_4,Add_0,Relu_3,Conv_5,Relu_4,Conv_6,Relu_5,Conv_7,Add_1,Relu_6,Conv_8,Relu_7,Conv_9,Relu_8,Conv_10,Add_2,Relu_9,Conv_11,Relu_10,Conv_12,Relu_11,Conv_13,Conv_14,Add_3,Relu_12,Conv_15,Relu_13,Conv_16,Relu_14,Conv_17,Add_4,Relu_15,Conv_18,Relu_16,Conv_19,Relu_17,Conv_20,Add_5,Relu_18,Conv_21,Relu_19,Conv_22,Relu_20,Conv_23,Add_6,Relu_21,Conv_27,Conv_24,Relu_22,Conv_25,Relu_23,Conv_26,Add_7,Relu_24,Conv_28,Relu_25,Conv_29,Relu_26,Conv_30,Add_8,Relu_27,Conv_31,Relu_28,Conv_32,Relu_29,Conv_33,Add_9,Relu_30,Conv_34,Relu_31,Conv_35,Relu_32,Conv_36,Add_10,Relu_33,Conv_37,Relu_34,Conv_38,Relu_35,Conv_39,Add_11,Relu_36,Conv_40,Relu_37,Conv_41,Relu_38,Conv_42,Add_12,Relu_39,Conv_43,Relu_40,Conv_46,Conv_44,Relu_41,Conv_45,Add_13,Relu_42,Conv_47,Relu_43,Conv_48,Relu_44,Conv_49,Add_14,Relu_45,Conv_50,Relu_46,Conv_51,Relu_47,Conv_52,Add_15,Relu_48,GlobalAveragePool_0,Flatten_0,Gemm_0,output
21,input,Conv_0,Relu_0,MaxPool_0,Conv_1,Relu_1,Conv_2,Relu_2,Conv_3,Conv_4,Add_0,Relu_3,Conv_5,Relu_4,Conv_6,Relu_5,Conv_7,Add_1,Relu_6,Conv_8,Relu_7,Conv_9,Relu_8,Conv_10,Add_2,Relu_9,Conv_11,Relu_10,Conv_12,Relu_11,Conv_14,Conv_13,Add_3,Relu_12,Conv_15,Relu_13,Conv_16,Relu_14,Conv_17,Add_4,Relu_15,Conv_18,Relu_16,Conv_19,Relu_17,Conv_20,Add_5,Relu_18,Conv_21,Relu_19,Conv_22,Relu_20,Conv_23,Add_6,Relu_21,Conv_24,Conv_27,Relu_22,Conv_25,Relu_23,Conv_26,Add_7,Relu_24,Conv_28,Relu_25,Conv_29,Relu_26,Conv_30,Add_8,Relu_27,Conv_31,Relu_28,Conv_32,Relu_29,Conv_33,Add_9,Relu_30,Conv_34,Relu_31,Conv_35,Relu_32,Conv_36,Add_10,Relu_33,Conv_37,Relu_34,Conv_38,Relu_35,Conv_39,Add_11,Relu_36,Conv_40,Relu_37,Conv_41,Relu_38,Conv_42,Add_12,Relu_39,Conv_46,Conv_43,Relu_40,Conv_44,Relu_41,Conv_45,Add_13,Relu_42,Conv_47,Relu_43,Conv_48,Relu_44,Conv_49,Add_14,Relu_45,Conv_50,Relu_46,Conv_51,Relu_47,Conv_52,Add_15,Relu_48,GlobalAveragePool_0,Flatten_0,Gemm_0,output
22,input,Conv_0,Relu_0,MaxPool_0,Conv_1,Relu_1,Conv_2,Relu_2,Conv_3,Conv_4,Add_0,Relu_3,Conv_5,Relu_4,Conv_6,Relu_5,Conv_7,Add_1,Relu_6,Conv_8,Relu_7,Conv_9,Relu_8,Conv_10,Add_2,Relu_9,Conv_11,Relu_10,Conv_12,Relu_11,Conv_14,Conv_13,Add_3,Relu_12,Conv_15,Relu_13,Conv_16,Relu_14,Conv_17,Add_4,Relu_15,Conv_18,Relu_16,Conv_19,Relu_17,Conv_20,Add_5,Relu_18,Conv_21,Relu_19,Conv_22,Relu_20,Conv_23,Add_6,Relu_21,Conv_24,Relu_22,Conv_25,Relu_23,Conv_26,Conv_27,Add_7,Relu_24,Conv_28,Relu_25,Conv_29,Relu_26,Conv_30,Add_8,Relu_27,Conv_31,Relu_28,Conv_32,Relu_29,Conv_33,Add_9,Relu_30,Conv_34,Relu_31,Conv_35,Relu_32,Conv_36,Add_10,Relu_33,Conv_37,Relu_34,Conv_38,Relu_35,Conv_39,Add_11,Relu_36,Conv_40,Relu_37,Conv_41,Relu_38,Conv_42,Add_12,Relu_39,Conv_46,Conv_43,Relu_40,Conv_44,Relu_41,Conv_45,Add_13,Relu_42,Conv_47,Relu_43,Conv_48,Relu_44,Conv_49,Add_14,Relu_45,Conv_50,Relu_46,Conv_51,Relu_47,Conv_52,Add_15,Relu_48,GlobalAveragePool_0,Flatten_0,Gemm_0,output
23,input,Conv_0,Relu_0,MaxPool_0,Conv_1,Relu_1,Conv_2,Relu_2,Conv_3,Conv_4,Add_0,Relu_3,Conv_5,Relu_4,Conv_6,Relu_5,Conv_7,Add_1,Relu_6,Conv_8,Relu_7,Conv_9,Relu_8,Conv_10,Add_2,Relu_9,Conv_11,Relu_10,Conv_12,Relu_11,Conv_14,Conv_13,Add_3,Relu_12,Conv_15,Relu_13,Conv_16,Relu_14,Conv_17,Add_4,Relu_15,Conv_18,Relu_16,Conv_19,Relu_17,Conv_20,Add_5,Relu_18,Conv_21,Relu_19,Conv_22,Relu_20,Conv_23,Add_6,Relu_21,Conv_24,Relu_22,Conv_25,Relu_23,Conv_27,Conv_26,Add_7,Relu_24,Conv_28,Relu_25,Conv_29,Relu_26,Conv_30,Add_8,Relu_27,Conv_31,Relu_28,Conv_32,Relu_29,Conv_33,Add_9,Relu_30,Conv_34,Relu_31,Conv_35,Relu_32,Conv_36,Add_10,Relu_33,Conv_37,Relu_34,Conv_38,Relu_35,Conv_39,Add_11,Relu_36,Conv_40,Relu_37,Conv_41,Relu_38,Conv_42,Add_12,Relu_39,Conv_43,Conv_46,Relu_40,Conv_44,Relu_41,Conv_45,Add_13,Relu_42,Conv_47,Relu_43,Conv_48,Relu_44,Conv_49,Add_14,Relu_45,Conv_50,Relu_46,Conv_51,Relu_47,Conv_52,Add_15,Relu_48,GlobalAveragePool_0,Flatten_0,Gemm_0,output
24,input,Conv_0,Relu_0,MaxPool_0,Conv_1,Relu_1,Conv_2,Relu_2,Conv_3,Conv_4,Add_0,Relu_3,Conv_5,Relu_4,Conv_6,Relu_5,Conv_7,Add_1,Relu_6,Conv_8,Relu_7,Conv_9,Relu_8,Conv_10,Add_2,Relu_9,Conv_11,Relu_10,Conv_12,Relu_11,Conv_14,Conv_13,Add_3,Relu_12,Conv_15,Relu_13,Conv_16,Relu_14,Conv_17,Add_4,Relu_15,Conv_18,Relu_16,Conv_19,Relu_17,Conv_20,Add_5,Relu_18,Conv_21,Relu_19,Conv_22,Relu_20,Conv_23,Add_6,Relu_21,Conv_24,Relu_22,Conv_25,Relu_23,Conv_27,Conv_26,Add_7,Relu_24,Conv_28,Relu_25,Conv_29,Relu_26,Conv_30,Add_8,Relu_27,Conv_31,Relu_28,Conv_32,Relu_29,Conv_33,Add_9,Relu_30,Conv_34,Relu_31,Conv_35,Relu_32,Conv_36,Add_10,Relu_33,Conv_37,Relu_34,Conv_38,Relu_35,Conv_39,Add_11,Relu_36,Conv_40,Relu_37,Conv_41,Relu_38,Conv_42,Add_12,Relu_39,Conv_43,Relu_40,Conv_44,Relu_41,Conv_45,Conv_46,Add_13,Relu_42,Conv_47,Relu_43,Conv_48,Relu_44,Conv_49,Add_14,Relu_45,Conv_50,Relu_46,Conv_51,Relu_47,Conv_52,Add_15,Relu_48,GlobalAveragePool_0,Flatten_0,Gemm_0,output
25,input,Conv_0,Relu_0,MaxPool_0,Conv_1,Relu_1,Conv_2,Relu_2,Conv_3,Conv_4,Add_0,Relu_3,Conv_5,Relu_4,Conv_6,Relu_5,Conv_7,Add_1,Relu_6,Conv_8,Relu_7,Conv_9,Relu_8,Conv_10,Add_2,Relu_9,Conv_11,Relu_10,Conv_14,Conv_12,Relu_11,Conv_13,Add_3,Relu_12,Conv_15,Relu_13,Conv_16,Relu_14,Conv_17,Add_4,Relu_15,Conv_18,Relu_16,Conv_19,Relu_17,Conv_20,Add_5,Relu_18,Conv_21,Relu_19,Conv_22,Relu_20,Conv_23,Add_6,Relu_21,Conv_24,Conv_27,Relu_22,Conv_25,Relu_23,Conv_26,Add_7,Relu_24,Conv_28,Relu_25,Conv_29,Relu_26,Conv_30,Add_8,Relu_27,Conv_31,Relu_28,Conv_32,Relu_29,Conv_33,Add_9,Relu_30,Conv_34,Relu_31,Conv_35,Relu_32,Conv_36,Add_10,Relu_33,Conv_37,Relu_34,Conv_38,Relu_35,Conv_39,Add_11,Relu_36,Conv_40,Relu_37,Conv_41,Relu_38,Conv_42,Add_12,Relu_39,Conv_43,Relu_40,Conv_46,Conv_44,Relu_41,Conv_45,Add_13,Relu_42,Conv_47,Relu_43,Conv_48,Relu_44,Conv_49,Add_14,Relu_45,Conv_50,Relu_46,Conv_51,Relu_47,Conv_52,Add_15,Relu_48,GlobalAveragePool_0,Flatten_0,Gemm_0,output
26,input,Conv_0,Relu_0,MaxPool_0,Conv_1,Relu_1,Conv_2,Relu_2,Conv_3,Conv_4,Add_0,Relu_3,Conv_5,Relu_4,Conv_6,Relu_5,Conv_7,Add_1,Relu_6,Conv_8,Relu_7,Conv_9,Relu_8,Conv_10,Add_2,Relu_9,Conv_11,Relu_10,Conv_14,Conv_12,Relu_11,Conv_13,Add_3,Relu_12,Conv_15,Relu_13,Conv_16,Relu_14,Conv_17,Add_4,Relu_15,Conv_18,Relu_16,Conv_19,Relu_17,Conv_20,Add_5,Relu_18,Conv_21,Relu_19,Conv_22,Relu_20,Conv_23,Add_6,Relu_21,Conv_24,Conv_27,Relu_22,Conv_25,Relu_23,Conv_26,Add_7,Relu_24,Conv_28,Relu_25,Conv_29,Relu_26,Conv_30,Add_8,Relu_27,Conv_31,Relu_28,Conv_32,Relu_29,Conv_33,Add_9,Relu_30,Conv_34,Relu_31,Conv_35,Relu_32,Conv_36,Add_10,Relu_33,Conv_37,Relu_34,Conv_38,Relu_35,Conv_39,Add_11,Relu_36,Conv_40,Relu_37,Conv_41,Relu_38,Conv_42,Add_12,Relu_39,Conv_46,Conv_43,Relu_40,Conv_44,Relu_41,Conv_45,Add_13,Relu_42,Conv_47,Relu_43,Conv_48,Relu_44,Conv_49,Add_14,Relu_45,Conv_50,Relu_46,Conv_51,Relu_47,Conv_52,Add_15,Relu_48,GlobalAveragePool_0,Flatten_0,Gemm_0,output
27,input,Conv_0,Relu_0,MaxPool_0,Conv_1,Relu_1,Conv_2,Relu_2,Conv_3,Conv_4,Add_0,Relu_3,Conv_5,Relu_4,Conv_6,Relu_5,Conv_7,Add_1,Relu_6,Conv_8,Relu_7,Conv_9,Relu_8,Conv_10,Add_2,Relu_9,Conv_11,Relu_10,Conv_14,Conv_12,Relu_11,Conv_13,Add_3,Relu_12,Conv_15,Relu_13,Conv_16,Relu_14,Conv_17,Add_4,Relu_15,Conv_18,Relu_16,Conv_19,Relu_17,Conv_20,Add_5,Relu_18,Conv_21,Relu_19,Conv_22,Relu_20,Conv_23,Add_6,Relu_21,Conv_24,Relu_22,Conv_25,Relu_23,Conv_26,Conv_27,Add_7,Relu_24,Conv_28,Relu_25,Conv_29,Relu_26,Conv_30,Add_8,Relu_27,Conv_31,Relu_28,Conv_32,Relu_29,Conv_33,Add_9,Relu_30,Conv_34,Relu_31,Conv_35,Relu_32,Conv_36,Add_10,Relu_33,Conv_37,Relu_34,Conv_38,Relu_35,Conv_39,Add_11,Relu_36,Conv_40,Relu_37,Conv_41,Relu_38,Conv_42,Add_12,Relu_39,Conv_43,Relu_40,Conv_44,Conv_46,Relu_41,Conv_45,Add_13,Relu_42,Conv_47,Relu_43,Conv_48,Relu_44,Conv_49,Add_14,Relu_45,Conv_50,Relu_46,Conv_51,Relu_47,Conv_52,Add_15,Relu_48,GlobalAveragePool_0,Flatten_0,Gemm_0,output
28,input,Conv_0,Relu_0,MaxPool_0,Conv_1,Relu_1,Conv_2,Relu_2,Conv_3,Conv_4,Add_0,Relu_3,Conv_5,Relu_4,Conv_6,Relu_5,Conv_7,Add_1,Relu_6,Conv_8,Relu_7,Conv_9,Relu_8,Conv_10,Add_2,Relu_9,Conv_14,Conv_11,Relu_10,Conv_12,Relu_11,Conv_13,Add_3,Relu_12,Conv_15,Relu_13,Conv_16,Relu_14,Conv_17,Add_4,Relu_15,Conv_18,Relu_16,Conv_19,Relu_17,Conv_20,Add_5,Relu_18,Conv_21,Relu_19,Conv_22,Relu_20,Conv_23,Add_6,Relu_21,Conv_24,Conv_27,Relu_22,Conv_25,Relu_23,Conv_26,Add_7,Relu_24,Conv_28,Relu_25,Conv_29,Relu_26,Conv_30,Add_8,Relu_27,Conv_31,Relu_28,Conv_32,Relu_29,Conv_33,Add_9,Relu_30,Conv_34,Relu_31,Conv_35,Relu_32,Conv_36,Add_10,Relu_33,Conv_37,Relu_34,Conv_38,Relu_35,Conv_39,Add_11,Relu_36,Conv_40,Relu_37,Conv_41,Relu_38,Conv_42,Add_12,Relu_39,Conv_43,Conv_46,Relu_40,Conv_44,Relu_41,Conv_45,Add_13,Relu_42,Conv_47,Relu_43,Conv_48,Relu_44,Conv_49,Add_14,Relu_45,Conv_50,Relu_46,Conv_51,Relu_47,Conv_52,Add_15,Relu_48,GlobalAveragePool_0,Flatten_0,Gemm_0,output
29,input,Conv_0,Relu_0,MaxPool_0,Conv_1,Relu_1,Conv_2,Relu_2,Conv_3,Conv_4,Add_0,Relu_3,Conv_5,Relu_4,Conv_6,Relu_5,Conv_7,Add_1,Relu_6,Conv_8,Relu_7,Conv_9,Relu_8,Conv_10,Add_2,Relu_9,Conv_14,Conv_11,Relu_10,Conv_12,Relu_11,Conv_13,Add_3,Relu_12,Conv_15,Relu_13,Conv_16,Relu_14,Conv_17,Add_4,Relu_15,Conv_18,Relu_16,Conv_19,Relu_17,Conv_20,Add_5,Relu_18,Conv_21,Relu_19,Conv_22,Relu_20,Conv_23,Add_6,Relu_21,Conv_24,Relu_22,Conv_25,Relu_23,Conv_27,Conv_26,Add_7,Relu_24,Conv_28,Relu_25,Conv_29,Relu_26,Conv_30,Add_8,Relu_27,Conv_31,Relu_28,Conv_32,Relu_29,Conv_33,Add_9,Relu_30,Conv_34,Relu_31,Conv_35,Relu_32,Conv_36,Add_10,Relu_33,Conv_37,Relu_34,Conv_38,Relu_35,Conv_39,Add_11,Relu_36,Conv_40,Relu_37,Conv_41,Relu_38,Conv_42,Add_12,Relu_39,Conv_43,Conv_46,Relu_40,Conv_44,Relu_41,Conv_45,Add_13,Relu_42,Conv_47,Relu_43,Conv_48,Relu_44,Conv_49,Add_14,Relu_45,Conv_50,Relu_46,Conv_51,Relu_47,Conv_52,Add_15,Relu_48,GlobalAveragePool_0,Flatten_0,Gemm_0,output
30,input,Conv_0,Relu_0,MaxPool_0,Conv_1,Relu_1,Conv_2,Relu_2,Conv_3,Conv_4,Add_0,Relu_3,Conv_5,Relu_4,Conv_6,Relu_5,Conv_7,Add_1,Relu_6,Conv_8,Relu_7,Conv_9,Relu_8,Conv_10,Add_2,Relu_9,Conv_14,Conv_11,Relu_10,Conv_12,Relu_11,Conv_13,Add_3,Relu_12,Conv_15,Relu_13,Conv_16,Relu_14,Conv_17,Add_4,Relu_15,Conv_18,Relu_16,Conv_19,Relu_17,Conv_20,Add_5,Relu_18,Conv_21,Relu_19,Conv_22,Relu_20,Conv_23,Add_6,Relu_21,Conv_27,Conv_24,Relu_22,Conv_25,Relu_23,Conv_26,Add_7,Relu_24,Conv_28,Relu_25,Conv_29,Relu_26,Conv_30,Add_8,Relu_27,Conv_31,Relu_28,Conv_32,Relu_29,Conv_33,Add_9,Relu_30,Conv_34,Relu_31,Conv_35,Relu_32,Conv_36,Add_10,Relu_33,Conv_37,Relu_34,Conv_38,Relu_35,Conv_39,Add_11,Relu_36,Conv_40,Relu_37,Conv_41,Relu_38,Conv_42,Add_12,Relu_39,Conv_43,Relu_40,Conv_46,Conv_44,Relu_41,Conv_45,Add_13,Relu_42,Conv_47,Relu_43,Conv_48,Relu_44,Conv_49,Add_14,Relu_45,Conv_50,Relu_46,Conv_51,Relu_47,Conv_52,Add_15,Relu_48,GlobalAveragePool_0,Flatten_0,Gemm_0,output
31,input,Conv_0,Relu_0,MaxPool_0,Conv_1,Relu_1,Conv_2,Relu_2,Conv_3,Conv_4,Add_0,Relu_3,Conv_5,Relu_4,Conv_6,Relu_5,Conv_7,Add_1,Relu_6,Conv_8,Relu_7,Conv_9,Relu_8,Conv_10,Add_2,Relu_9,Conv_14,Conv_11,Relu_10,Conv_12,Relu_11,Conv_13,Add_3,Relu_12,Conv_15,Relu_13,Conv_16,Relu_14,Conv_17,Add_4,Relu_15,Conv_18,Relu_16,Conv_19,Relu_17,Conv_20,Add_5,Relu_18,Conv_21,Relu_19,Conv_22,Relu_20,Conv_23,Add_6,Relu_21,Conv_27,Conv_24,Relu_22,Conv_25,Relu_23,Conv_26,Add_7,Relu_24,Conv_28,Relu_25,Conv_29,Relu_26,Conv_30,Add_8,Relu_27,Conv_31,Relu_28,Conv_32,Relu_29,Conv_33,Add_9,Relu_30,Conv_34,Relu_31,Conv_35,Relu_32,Conv_36,Add_10,Relu_33,Conv_37,Relu_34,Conv_38,Relu_35,Conv_39,Add_11,Relu_36,Conv_40,Relu_37,Conv_41,Relu_38,Conv_42,Add_12,Relu_39,Conv_46,Conv_43,Relu_40,Conv_44,Relu_41,Conv_45,Add_13,Relu_42,Conv_47,Relu_43,Conv_48,Relu_44,Conv_49,Add_14,Relu_45,Conv_50,Relu_46,Conv_51,Relu_47,Conv_52,Add_15,Relu_48,GlobalAveragePool_0,Flatten_0,Gemm_0,output
32,input,Conv_0,Relu_0,MaxPool_0,Conv_1,Relu_1,Conv_2,Relu_2,Conv_4,Conv_3,Add_0,Relu_3,Conv_5,Relu_4,Conv_6,Relu_5,Conv_7,Add_1,Relu_6,Conv_8,Relu_7,Conv_9,Relu_8,Conv_10,Add_2,Relu_9,Conv_11,Conv_14,Relu_10,Conv_12,Relu_11,Conv_13,Add_3,Relu_12,Conv_15,Relu_13,Conv_16,Relu_14,Conv_17,Add_4,Relu_15,Conv_18,Relu_16,Conv_19,Relu_17,Conv_20,Add_5,Relu_18,Conv_21,Relu_19,Conv_22,Relu_20,Conv_23,Add_6,Relu_21,Conv_27,Conv_24,Relu_22,Conv_25,Relu_23,Conv_26,Add_7,Relu_24,Conv_28,Relu_25,Conv_29,Relu_26,Conv_30,Add_8,Relu_27,Conv_31,Relu_28,Conv_32,Relu_29,Conv_33,Add_9,Relu_30,Conv_34,Relu_31,Conv_35,Relu_32,Conv_36,Add_10,Relu_33,Conv_37,Relu_34,Conv_38,Relu_35,Conv_39,Add_11,Relu_36,Conv_40,Relu_37,Conv_41,Relu_38,Conv_42,Add_12,Relu_39,Conv_46,Conv_43,Relu_40,Conv_44,Relu_41,Conv_45,Add_13,Relu_42,Conv_47,Relu_43,Conv_48,Relu_44,Conv_49,Add_14,Relu_45,Conv_50,Relu_46,Conv_51,Relu_47,Conv_52,Add_15,Relu_48,GlobalAveragePool_0,Flatten_0,Gemm_0,output
33,input,Conv_0,Relu_0,MaxPool_0,Conv_1,Relu_1,Conv_2,Relu_2,Conv_4,Conv_3,Add_0,Relu_3,Conv_5,Relu_4,Conv_6,Relu_5,Conv_7,Add_1,Relu_6,Conv_8,Relu_7,Conv_9,Relu_8,Conv_10,Add_2,Relu_9,Conv_11,Relu_10,Conv_12,Conv_14,Relu_11,Conv_13,Add_3,Relu_12,Conv_15,Relu_13,Conv_16,Relu_14,Conv_17,Add_4,Relu_15,Conv_18,Relu_16,Conv_19,Relu_17,Conv_20,Add_5,Relu_18,Conv_21,Relu_19,Conv_22,Relu_20,Conv_23,Add_6,Relu_21,Conv_24,Conv_27,Relu_22,Conv_25,Relu_23,Conv_26,Add_7,Relu_24,Conv_28,Relu_25,Conv_29,Relu_26,Conv_30,Add_8,Relu_27,Conv_31,Relu_28,Conv_32,Relu_29,Conv_33,Add_9,Relu_30,Conv_34,Relu_31,Conv_35,Relu_32,Conv_36,Add_10,Relu_33,Conv_37,Relu_34,Conv_38,Relu_35,Conv_39,Add_11,Relu_36,Conv_40,Relu_37,Conv_41,Relu_38,Conv_42,Add_12,Relu_39,Conv_46,Conv_43,Relu_40,Conv_44,Relu_41,Conv_45,Add_13,Relu_42,Conv_47,Relu_43,Conv_48,Relu_44,Conv_49,Add_14,Relu_45,Conv_50,Relu_46,Conv_51,Relu_47,Conv_52,Add_15,Relu_48,GlobalAveragePool_0,Flatten_0,Gemm_0,output
34,input,Conv_0,Relu_0,MaxPool_0,Conv_1,Relu_1,Conv_2,Relu_2,Conv_4,Conv_3,Add_0,Relu_3,Conv_5,Relu_4,Conv_6,Relu_5,Conv_7,Add_1,Relu_6,Conv_8,Relu_7,Conv_9,Relu_8,Conv_10,Add_2,Relu_9,Conv_11,Relu_10,Conv_12,Relu_11,Conv_13,Conv_14,Add_3,Relu_12,Conv_15,Relu_13,Conv_16,Relu_14,Conv_17,Add_4,Relu_15,Conv_18,Relu_16,Conv_19,Relu_17,Conv_20,Add_5,Relu_18,Conv_21,Relu_19,Conv_22,Relu_20,Conv_23,Add_6,Relu_21,Conv_24,Relu_22,Conv_25,Conv_27,Relu_23,Conv_26,Add_7,Relu_24,Conv_28,Relu_25,Conv_29,Relu_26,Conv_30,Add_8,Relu_27,Conv_31,Relu_28,Conv_32,Relu_29,Conv_33,Add_9,Relu_30,Conv_34,Relu_31,Conv_35,Relu_32,Conv_36,Add_10,Relu_33,Conv_37,Relu_34,Conv_38,Relu_35,Conv_39,Add_11,Relu_36,Conv_40,Relu_37,Conv_41,Relu_38,Conv_42,Add_12,Relu_39,Conv_43,Relu_40,Conv_44,Relu_41,Conv_45,Conv_46,Add_13,Relu_42,Conv_47,Relu_43,Conv_48,Relu_44,Conv_49,Add_14,Relu_45,Conv_50,Relu_46,Conv_51,Relu_47,Conv_52,Add_15,Relu_48,GlobalAveragePool_0,Flatten_0,Gemm_0,output
35,input,Conv_0,Relu_0,MaxPool_0,Conv_1,Relu_1,Conv_2,Relu_2,Conv_4,Conv_3,Add_0,Relu_3,Conv_5,Relu_4,Conv_6,Relu_5,Conv_7,Add_1,Relu_6,Conv_8,Relu_7,Conv_9,Relu_8,Conv_10,Add_2,Relu_9,Conv_11,Relu_10,Conv_12,Relu_11,Conv_13,Conv_14,Add_3,Relu_12,Conv_15,Relu_13,Conv_16,Relu_14,Conv_17,Add_4,Relu_15,Conv_18,Relu_16,Conv_19,Relu_17,Conv_20,Add_5,Relu_18,Conv_21,Relu_19,Conv_22,Relu_20,Conv_23,Add_6,Relu_21,Conv_24,Relu_22,Conv_25,Relu_23,Conv_26,Conv_27,Add_7,Relu_24,Conv_28,Relu_25,Conv_29,Relu_26,Conv_30,Add_8,Relu_27,Conv_31,Relu_28,Conv_32,Relu_29,Conv_33,Add_9,Relu_30,Conv_34,Relu_31,Conv_35,Relu_32,Conv_36,Add_10,Relu_33,Conv_37,Relu_34,Conv_38,Relu_35,Conv_39,Add_11,Relu_36,Conv_40,Relu_37,Conv_41,Relu_38,Conv_42,Add_12,Relu_39,Conv_43,Conv_46,Relu_40,Conv_44,Relu_41,Conv_45,Add_13,Relu_42,Conv_47,Relu_43,Conv_48,Relu_44,Conv_49,Add_14,Relu_45,Conv_50,Relu_46,Conv_51,Relu_47,Conv_52,Add_15,Relu_48,GlobalAveragePool_0,Flatten_0,Gemm_0,output
36,input,Conv_0,Relu_0,MaxPool_0,Conv_1,Relu_1,Conv_2,Relu_2,Conv_4,Conv_3,Add_0,Relu_3,Conv_5,Relu_4,Conv_6,Relu_5,Conv_7,Add_1,Relu_6,Conv_8,Relu_7,Conv_9,Relu_8,Conv_10,Add_2,Relu_9,Conv_11,Relu_10,Conv_12,Relu_11,Conv_13,Conv_14,Add_3,Relu_12,Conv_15,Relu_13,Conv_16,Relu_14,Conv_17,Add_4,Relu_15,Conv_18,Relu_16,Conv_19,Relu_17,Conv_20,Add_5,Relu_18,Conv_21,Relu_19,Conv_22,Relu_20,Conv_23,Add_6,Relu_21,Conv_24,Relu_22,Conv_25,Relu_23,Conv_26,Conv_27,Add_7,Relu_24,Conv_28,Relu_25,Conv_29,Relu_26,Conv_30,Add_8,Relu_27,Conv_31,Relu_28,Conv_32,Relu_29,Conv_33,Add_9,Relu_30,Conv_34,Relu_31,Conv_35,Relu_32,Conv_36,Add_10,Relu_33,Conv_37,Relu_34,Conv_38,Relu_35,Conv_39,Add_11,Relu_36,Conv_40,Relu_37,Conv_41,Relu_38,Conv_42,Add_12,Relu_39,Conv_43,Relu_40,Conv_44,Relu_41,Conv_46,Conv_45,Add_13,Relu_42,Conv_47,Relu_43,Conv_48,Relu_44,Conv_49,Add_14,Relu_45,Conv_50,Relu_46,Conv_51,Relu_47,Conv_52,Add_15,Relu_48,GlobalAveragePool_0,Flatten_0,Gemm_0,output
37,input,Conv_0,Relu_0,MaxPool_0,Conv_1,Relu_1,Conv_2,Relu_2,Conv_4,Conv_3,Add_0,Relu_3,Conv_5,Relu_4,Conv_6,Relu_5,Conv_7,Add_1,Relu_6,Conv_8,Relu_7,Conv_9,Relu_8,Conv_10,Add_2,Relu_9,Conv_11,Relu_10,Conv_12,Relu_11,Conv_13,Conv_14,Add_3,Relu_12,Conv_15,Relu_13,Conv_16,Relu_14,Conv_17,Add_4,Relu_15,Conv_18,Relu_16,Conv_19,Relu_17,Conv_20,Add_5,Relu_18,Conv_21,Relu_19,Conv_22,Relu_20,Conv_23,Add_6,Relu_21,Conv_24,Relu_22,Conv_25,Relu_23,Conv_26,Conv_27,Add_7,Relu_24,Conv_28,Relu_25,Conv_29,Relu_26,Conv_30,Add_8,Relu_27,Conv_31,Relu_28,Conv_32,Relu_29,Conv_33,Add_9,Relu_30,Conv_34,Relu_31,Conv_35,Relu_32,Conv_36,Add_10,Relu_33,Conv_37,Relu_34,Conv_38,Relu_35,Conv_39,Add_11,Relu_36,Conv_40,Relu_37,Conv_41,Relu_38,Conv_42,Add_12,Relu_39,Conv_46,Conv_43,Relu_40,Conv_44,Relu_41,Conv_45,Add_13,Relu_42,Conv_47,Relu_43,Conv_48,Relu_44,Conv_49,Add_14,Relu_45,Conv_50,Relu_46,Conv_51,Relu_47,Conv_52,Add_15,Relu_48,GlobalAveragePool_0,Flatten_0,Gemm_0,output
38,input,Conv_0,Relu_0,MaxPool_0,Conv_1,Relu_1,Conv_2,Relu_2,Conv_4,Conv_3,Add_0,Relu_3,Conv_5,Relu_4,Conv_6,Relu_5,Conv_7,Add_1,Relu_6,Conv_8,Relu_7,Conv_9,Relu_8,Conv_10,Add_2,Relu_9,Conv_11,Relu_10,Conv_12,Relu_11,Conv_13,Conv_14,Add_3,Relu_12,Conv_15,Relu_13,Conv_16,Relu_14,Conv_17,Add_4,Relu_15,Conv_18,Relu_16,Conv_19,Relu_17,Conv_20,Add_5,Relu_18,Conv_21,Relu_19,Conv_22,Relu_20,Conv_23,Add_6,Relu_21,Conv_24,Relu_22,Conv_25,Relu_23,Conv_27,Conv_26,Add_7,Relu_24,Conv_28,Relu_25,Conv_29,Relu_26,Conv_30,Add_8,Relu_27,Conv_31,Relu_28,Conv_32,Relu_29,Conv_33,Add_9,Relu_30,Conv_34,Relu_31,Conv_35,Relu_32,Conv_36,Add_10,Relu_33,Conv_37,Relu_34,Conv_38,Relu_35,Conv_39,Add_11,Relu_36,Conv_40,Relu_37,Conv_41,Relu_38,Conv_42,Add_12,Relu_39,Conv_43,Conv_46,Relu_40,Conv_44,Relu_41,Conv_45,Add_13,Relu_42,Conv_47,Relu_43,Conv_48,Relu_44,Conv_49,Add_14,Relu_45,Conv_50,Relu_46,Conv_51,Relu_47,Conv_52,Add_15,Relu_48,GlobalAveragePool_0,Flatten_0,Gemm_0,output
39,input,Conv_0,Relu_0,MaxPool_0,Conv_1,Relu_1,Conv_2,Relu_2,Conv_4,Conv_3,Add_0,Relu_3,Conv_5,Relu_4,Conv_6,Relu_5,Conv_7,Add_1,Relu_6,Conv_8,Relu_7,Conv_9,Relu_8,Conv_10,Add_2,Relu_9,Conv_11,Relu_10,Conv_12,Relu_11,Conv_13,Conv_14,Add_3,Relu_12,Conv_15,Relu_13,Conv_16,Relu_14,Conv_17,Add_4,Relu_15,Conv_18,Relu_16,Conv_19,Relu_17,Conv_20,Add_5,Relu_18,Conv_21,Relu_19,Conv_22,Relu_20,Conv_23,Add_6,Relu_21,Conv_24,Relu_22,Conv_25,Relu_23,Conv_27,Conv_26,Add_7,Relu_24,Conv_28,Relu_25,Conv_29,Relu_26,Conv_30,Add_8,Relu_27,Conv_31,Relu_28,Conv_32,Relu_29,Conv_33,Add_9,Relu_30,Conv_34,Relu_31,Conv_35,Relu_32,Conv_36,Add_10,Relu_33,Conv_37,Relu_34,Conv_38,Relu_35,Conv_39,Add_11,Relu_36,Conv_40,Relu_37,Conv_41,Relu_38,Conv_42,Add_12,Relu_39,Conv_43,Relu_40,Conv_44,Relu_41,Conv_45,Conv_46,Add_13,Relu_42,Conv_47,Relu_43,Conv_48,Relu_44,Conv_49,Add_14,Relu_45,Conv_50,Relu_46,Conv_51,Relu_47,Conv_52,Add_15,Relu_48,GlobalAveragePool_0,Flatten_0,Gemm_0,output
40,input,Conv_0,Relu_0,MaxPool_0,Conv_1,Relu_1,Conv_2,Relu_2,Conv_4,Conv_3,Add_0,Relu_3,Conv_5,Relu_4,Conv_6,Relu_5,Conv_7,Add_1,Relu_6,Conv_8,Relu_7,Conv_9,Relu_8,Conv_10,Add_2,Relu_9,Conv_11,Relu_10,Conv_12,Relu_11,Conv_13,Conv_14,Add_3,Relu_12,Conv_15,Relu_13,Conv_16,Relu_14,Conv_17,Add_4,Relu_15,Conv_18,Relu_16,Conv_19,Relu_17,Conv_20,Add_5,Relu_18,Conv_21,Relu_19,Conv_22,Relu_20,Conv_23,Add_6,Relu_21,Conv_24,Relu_22,Conv_27,Conv_25,Relu_23,Conv_26,Add_7,Relu_24,Conv_28,Relu_25,Conv_29,Relu_26,Conv_30,Add_8,Relu_27,Conv_31,Relu_28,Conv_32,Relu_29,Conv_33,Add_9,Relu_30,Conv_34,Relu_31,Conv_35,Relu_32,Conv_36,Add_10,Relu_33,Conv_37,Relu_34,Conv_38,Relu_35,Conv_39,Add_11,Relu_36,Conv_40,Relu_37,Conv_41,Relu_38,Conv_42,Add_12,Relu_39,Conv_43,Relu_40,Conv_46,Conv_44,Relu_41,Conv_45,Add_13,Relu_42,Conv_47,Relu_43,Conv_48,Relu_44,Conv_49,Add_14,Relu_45,Conv_50,Relu_46,Conv_51,Relu_47,Conv_52,Add_15,Relu_48,GlobalAveragePool_0,Flatten_0,Gemm_0,output
41,input,Conv_0,Relu_0,MaxPool_0,Conv_1,Relu_1,Conv_2,Relu_2,Conv_4,Conv_3,Add_0,Relu_3,Conv_5,Relu_4,Conv_6,Relu_5,Conv_7,Add_1,Relu_6,Conv_8,Relu_7,Conv_9,Relu_8,Conv_10,Add_2,Relu_9,Conv_11,Relu_10,Conv_12,Relu_11,Conv_13,Conv_14,Add_3,Relu_12,Conv_15,Relu_13,Conv_16,Relu_14,Conv_17,Add_4,Relu_15,Conv_18,Relu_16,Conv_19,Relu_17,Conv_20,Add_5,Relu_18,Conv_21,Relu_19,Conv_22,Relu_20,Conv_23,Add_6,Relu_21,Conv_27,Conv_24,Relu_22,Conv_25,Relu_23,Conv_26,Add_7,Relu_24,Conv_28,Relu_25,Conv_29,Relu_26,Conv_30,Add_8,Relu_27,Conv_31,Relu_28,Conv_32,Relu_29,Conv_33,Add_9,Relu_30,Conv_34,Relu_31,Conv_35,Relu_32,Conv_36,Add_10,Relu_33,Conv_37,Relu_34,Conv_38,Relu_35,Conv_39,Add_11,Relu_36,Conv_40,Relu_37,Conv_41,Relu_38,Conv_42,Add_12,Relu_39,Conv_43,Relu_40,Conv_44,Relu_41,Conv_45,Conv_46,Add_13,Relu_42,Conv_47,Relu_43,Conv_48,Relu_44,Conv_49,Add_14,Relu_45,Conv_50,Relu_46,Conv_51,Relu_47,Conv_52,Add_15,Relu_48,GlobalAveragePool_0,Flatten_0,Gemm_0,output
42,input,Conv_0,Relu_0,MaxPool_0,Conv_1,Relu_1,Conv_2,Relu_2,Conv_4,Conv_3,Add_0,Relu_3,Conv_5,Relu_4,Conv_6,Relu_5,Conv_7,Add_1,Relu_6,Conv_8,Relu_7,Conv_9,Relu_8,Conv_10,Add_2,Relu_9,Conv_11,Relu_10,Conv_12,Relu_11,Conv_14,Conv_13,Add_3,Relu_12,Conv_15,Relu_13,Conv_16,Relu_14,Conv_17,Add_4,Relu_15,Conv_18,Relu_16,Conv_19,Relu_17,Conv_20,Add_5,Relu_18,Conv_21,Relu_19,Conv_22,Relu_20,Conv_23,Add_6,Relu_21,Conv_24,Relu_22,Conv_25,Relu_23,Conv_26,Conv_27,Add_7,Relu_24,Conv_28,Relu_25,Conv_29,Relu_26,Conv_30,Add_8,Relu_27,Conv_31,Relu_28,Conv_32,Relu_29,Conv_33,Add_9,Relu_30,Conv_34,Relu_31,Conv_35,Relu_32,Conv_36,Add_10,Relu_33,Conv_37,Relu_34,Conv_38,Relu_35,Conv_39,Add_11,Relu_36,Conv_40,Relu_37,Conv_41,Relu_38,Conv_42,Add_12,Relu_39,Conv_46,Conv_43,Relu_40,Conv_44,Relu_41,Conv_45,Add_13,Relu_42,Conv_47,Relu_43,Conv_48,Relu_44,Conv_49,Add_14,Relu_45,Conv_50,Relu_46,Conv_51,Relu_47,Conv_52,Add_15,Relu_48,GlobalAveragePool_0,Flatten_0,Gemm_0,output
43,input,Conv_0,Relu_0,MaxPool_0,Conv_1,Relu_1,Conv_2,Relu_2,Conv_4,Conv_3,Add_0,Relu_3,Conv_5,Relu_4,Conv_6,Relu_5,Conv_7,Add_1,Relu_6,Conv_8,Relu_7,Conv_9,Relu_8,Conv_10,Add_2,Relu_9,Conv_11,Relu_10,Conv_12,Relu_11,Conv_14,Conv_13,Add_3,Relu_12,Conv_15,Relu_13,Conv_16,Relu_14,Conv_17,Add_4,Relu_15,Conv_18,Relu_16,Conv_19,Relu_17,Conv_20,Add_5,Relu_18,Conv_21,Relu_19,Conv_22,Relu_20,Conv_23,Add_6,Relu_21,Conv_24,Relu_22,Conv_25,Relu_23,Conv_27,Conv_26,Add_7,Relu_24,Conv_28,Relu_25,Conv_29,Relu_26,Conv_30,Add_8,Relu_27,Conv_31,Relu_28,Conv_32,Relu_29,Conv_33,Add_9,Relu_30,Conv_34,Relu_31,Conv_35,Relu_32,Conv_36,Add_10,Relu_33,Conv_37,Relu_34,Conv_38,Relu_35,Conv_39,Add_11,Relu_36,Conv_40,Relu_37,Conv_41,Relu_38,Conv_42,Add_12,Relu_39,Conv_46,Conv_43,Relu_40,Conv_44,Relu_41,Conv_45,Add_13,Relu_42,Conv_47,Relu_43,Conv_48,Relu_44,Conv_49,Add_14,Relu_45,Conv_50,Relu_46,Conv_51,Relu_47,Conv_52,Add_15,Relu_48,GlobalAveragePool_0,Flatten_0,Gemm_0,output
44,input,Conv_0,Relu_0,MaxPool_0,Conv_1,Relu_1,Conv_2,Relu_2,Conv_4,Conv_3,Add_0,Relu_3,Conv_5,Relu_4,Conv_6,Relu_5,Conv_7,Add_1,Relu_6,Conv_8,Relu_7,Conv_9,Relu_8,Conv_10,Add_2,Relu_9,Conv_11,Relu_10,Conv_12,Relu_11,Conv_14,Conv_13,Add_3,Relu_12,Conv_15,Relu_13,Conv_16,Relu_14,Conv_17,Add_4,Relu_15,Conv_18,Relu_16,Conv_19,Relu_17,Conv_20,Add_5,Relu_18,Conv_21,Relu_19,Conv_22,Relu_20,Conv_23,Add_6,Relu_21,Conv_24,Relu_22,Conv_27,Conv_25,Relu_23,Conv_26,Add_7,Relu_24,Conv_28,Relu_25,Conv_29,Relu_26,Conv_30,Add_8,Relu_27,Conv_31,Relu_28,Conv_32,Relu_29,Conv_33,Add_9,Relu_30,Conv_34,Relu_31,Conv_35,Relu_32,Conv_36,Add_10,Relu_33,Conv_37,Relu_34,Conv_38,Relu_35,Conv_39,Add_11,Relu_36,Conv_40,Relu_37,Conv_41,Relu_38,Conv_42,Add_12,Relu_39,Conv_46,Conv_43,Relu_40,Conv_44,Relu_41,Conv_45,Add_13,Relu_42,Conv_47,Relu_43,Conv_48,Relu_44,Conv_49,Add_14,Relu_45,Conv_50,Relu_46,Conv_51,Relu_47,Conv_52,Add_15,Relu_48,GlobalAveragePool_0,Flatten_0,Gemm_0,output
45,input,Conv_0,Relu_0,MaxPool_0,Conv_1,Relu_1,Conv_2,Relu_2,Conv_4,Conv_3,Add_0,Relu_3,Conv_5,Relu_4,Conv_6,Relu_5,Conv_7,Add_1,Relu_6,Conv_8,Relu_7,Conv_9,Relu_8,Conv_10,Add_2,Relu_9,Conv_11,Relu_10,Conv_14,Conv_12,Relu_11,Conv_13,Add_3,Relu_12,Conv_15,Relu_13,Conv_16,Relu_14,Conv_17,Add_4,Relu_15,Conv_18,Relu_16,Conv_19,Relu_17,Conv_20,Add_5,Relu_18,Conv_21,Relu_19,Conv_22,Relu_20,Conv_23,Add_6,Relu_21,Conv_24,Relu_22,Conv_25,Relu_23,Conv_26,Conv_27,Add_7,Relu_24,Conv_28,Relu_25,Conv_29,Relu_26,Conv_30,Add_8,Relu_27,Conv_31,Relu_28,Conv_32,Relu_29,Conv_33,Add_9,Relu_30,Conv_34,Relu_31,Conv_35,Relu_32,Conv_36,Add_10,Relu_33,Conv_37,Relu_34,Conv_38,Relu_35,Conv_39,Add_11,Relu_36,Conv_40,Relu_37,Conv_41,Relu_38,Conv_42,Add_12,Relu_39,Conv_43,Relu_40,Conv_44,Relu_41,Conv_45,Conv_46,Add_13,Relu_42,Conv_47,Relu_43,Conv_48,Relu_44,Conv_49,Add_14,Relu_45,Conv_50,Relu_46,Conv_51,Relu_47,Conv_52,Add_15,Relu_48,GlobalAveragePool_0,Flatten_0,Gemm_0,output
46,input,Conv_0,Relu_0,MaxPool_0,Conv_1,Relu_1,Conv_2,Relu_2,Conv_4,Conv_3,Add_0,Relu_3,Conv_5,Relu_4,Conv_6,Relu_5,Conv_7,Add_1,Relu_6,Conv_8,Relu_7,Conv_9,Relu_8,Conv_10,Add_2,Relu_9,Conv_11,Relu_10,Conv_14,Conv_12,Relu_11,Conv_13,Add_3,Relu_12,Conv_15,Relu_13,Conv_16,Relu_14,Conv_17,Add_4,Relu_15,Conv_18,Relu_16,Conv_19,Relu_17,Conv_20,Add_5,Relu_18,Conv_21,Relu_19,Conv_22,Relu_20,Conv_23,Add_6,Relu_21,Conv_24,Relu_22,Conv_25,Relu_23,Conv_26,Conv_27,Add_7,Relu_24,Conv_28,Relu_25,Conv_29,Relu_26,Conv_30,Add_8,Relu_27,Conv_31,Relu_28,Conv_32,Relu_29,Conv_33,Add_9,Relu_30,Conv_34,Relu_31,Conv_35,Relu_32,Conv_36,Add_10,Relu_33,Conv_37,Relu_34,Conv_38,Relu_35,Conv_39,Add_11,Relu_36,Conv_40,Relu_37,Conv_41,Relu_38,Conv_42,Add_12,Relu_39,Conv_43,Relu_40,Conv_46,Conv_44,Relu_41,Conv_45,Add_13,Relu_42,Conv_47,Relu_43,Conv_48,Relu_44,Conv_49,Add_14,Relu_45,Conv_50,Relu_46,Conv_51,Relu_47,Conv_52,Add_15,Relu_48,GlobalAveragePool_0,Flatten_0,Gemm_0,output
47,input,Conv_0,Relu_0,MaxPool_0,Conv_1,Relu_1,Conv_2,Relu_2,Conv_4,Conv_3,Add_0,Relu_3,Conv_5,Relu_4,Conv_6,Relu_5,Conv_7,Add_1,Relu_6,Conv_8,Relu_7,Conv_9,Relu_8,Conv_10,Add_2,Relu_9,Conv_14,Conv_11,Relu_10,Conv_12,Relu_11,Conv_13,Add_3,Relu_12,Conv_15,Relu_13,Conv_16,Relu_14,Conv_17,Add_4,Relu_15,Conv_18,Relu_16,Conv_19,Relu_17,Conv_20,Add_5,Relu_18,Conv_21,Relu_19,Conv_22,Relu_20,Conv_23,Add_6,Relu_21,Conv_27,Conv_24,Relu_22,Conv_25,Relu_23,Conv_26,Add_7,Relu_24,Conv_28,Relu_25,Conv_29,Relu_26,Conv_30,Add_8,Relu_27,Conv_31,Relu_28,Conv_32,Relu_29,Conv_33,Add_9,Relu_30,Conv_34,Relu_31,Conv_35,Relu_32,Conv_36,Add_10,Relu_33,Conv_37,Relu_34,Conv_38,Relu_35,Conv_39,Add_11,Relu_36,Conv_40,Relu_37,Conv_41,Relu_38,Conv_42,Add_12,Relu_39,Conv_43,Relu_40,Conv_46,Conv_44,Relu_41,Conv_45,Add_13,Relu_42,Conv_47,Relu_43,Conv_48,Relu_44,Conv_49,Add_14,Relu_45,Conv_50,Relu_46,Conv_51,Relu_47,Conv_52,Add_15,Relu_48,GlobalAveragePool_0,Flatten_0,Gemm_0,output
48,input,Conv_0,Relu_0,MaxPool_0,Conv_1,Relu_1,Conv_4,Conv_2,Relu_2,Conv_3,Add_0,Relu_3,Conv_5,Relu_4,Conv_6,Relu_5,Conv_7,Add_1,Relu_6,Conv_8,Relu_7,Conv_9,Relu_8,Conv_10,Add_2,Relu_9,Conv_11,Conv_14,Relu_10,Conv_12,Relu_11,Conv_13,Add_3,Relu_12,Conv_15,Relu_13,Conv_16,Relu_14,Conv_17,Add_4,Relu_15,Conv_18,Relu_16,Conv_19,Relu_17,Conv_20,Add_5,Relu_18,Conv_21,Relu_19,Conv_22,Relu_20,Conv_23,Add_6,Relu_21,Conv_24,Relu_22,Conv_25,Relu_23,Conv_26,Conv_27,Add_7,Relu_24,Conv_28,Relu_25,Conv_29,Relu_26,Conv_30,Add_8,Relu_27,Conv_31,Relu_28,Conv_32,Relu_29,Conv_33,Add_9,Relu_30,Conv_34,Relu_31,Conv_35,Relu_32,Conv_36,Add_10,Relu_33,Conv_37,Relu_34,Conv_38,Relu_35,Conv_39,Add_11,Relu_36,Conv_40,Relu_37,Conv_41,Relu_38,Conv_42,Add_12,Relu_39,Conv_43,Relu_40,Conv_44,Conv_46,Relu_41,Conv_45,Add_13,Relu_42,Conv_47,Relu_43,Conv_48,Relu_44,Conv_49,Add_14,Relu_45,Conv_50,Relu_46,Conv_51,Relu_47,Conv_52,Add_15,Relu_48,GlobalAveragePool_0,Flatten_0,Gemm_0,output
49,input,Conv_0,Relu_0,MaxPool_0,Conv_1,Relu_1,Conv_4,Conv_2,Relu_2,Conv_3,Add_0,Relu_3,Conv_5,Relu_4,Conv_6,Relu_5,Conv_7,Add_1,Relu_6,Conv_8,Relu_7,Conv_9,Relu_8,Conv_10,Add_2,Relu_9,Conv_11,Relu_10,Conv_12,Conv_14,Relu_11,Conv_13,Add_3,Relu_12,Conv_15,Relu_13,Conv_16,Relu_14,Conv_17,Add_4,Relu_15,Conv_18,Relu_16,Conv_19,Relu_17,Conv_20,Add_5,Relu_18,Conv_21,Relu_19,Conv_22,Relu_20,Conv_23,Add_6,Relu_21,Conv_24,Relu_22,Conv_25,Relu_23,Conv_26,Conv_27,Add_7,Relu_24,Conv_28,Relu_25,Conv_29,Relu_26,Conv_30,Add_8,Relu_27,Conv_31,Relu_28,Conv_32,Relu_29,Conv_33,Add_9,Relu_30,Conv_34,Relu_31,Conv_35,Relu_32,Conv_36,Add_10,Relu_33,Conv_37,Relu_34,Conv_38,Relu_35,Conv_39,Add_11,Relu_36,Conv_40,Relu_37,Conv_41,Relu_38,Conv_42,Add_12,Relu_39,Conv_43,Relu_40,Conv_44,Conv_46,Relu_41,Conv_45,Add_13,Relu_42,Conv_47,Relu_43,Conv_48,Relu_44,Conv_49,Add_14,Relu_45,Conv_50,Relu_46,Conv_51,Relu_47,Conv_52,Add_15,Relu_48,GlobalAveragePool_0,Flatten_0,Gemm_0,output
50,input,Conv_0,Relu_0,MaxPool_0,Conv_1,Relu_1,Conv_4,Conv_2,Relu_2,Conv_3,Add_0,Relu_3,Conv_5,Relu_4,Conv_6,Relu_5,Conv_7,Add_1,Relu_6,Conv_8,Relu_7,Conv_9,Relu_8,Conv_10,Add_2,Relu_9,Conv_11,Relu_10,Conv_12,Relu_11,Conv_13,Conv_14,Add_3,Relu_12,Conv_15,Relu_13,Conv_16,Relu_14,Conv_17,Add_4,Relu_15,Conv_18,Relu_16,Conv_19,Relu_17,Conv_20,Add_5,Relu_18,Conv_21,Relu_19,Conv_22,Relu_20,Conv_23,Add_6,Relu_21,Conv_24,Relu_22,Conv_25,Relu_23,Conv_26,Conv_27,Add_7,Relu_24,Conv_28,Relu_25,Conv_29,Relu_26,Conv_30,Add_8,Relu_27,Conv_31,Relu_28,Conv_32,Relu_29,Conv_33,Add_9,Relu_30,Conv_34,Relu_31,Conv_35,Relu_32,Conv_36,Add_10,Relu_33,Conv_37,Relu_34,Conv_38,Relu_35,Conv_39,Add_11,Relu_36,Conv_40,Relu_37,Conv_41,Relu_38,Conv_42,Add_12,Relu_39,Conv_46,Conv_43,Relu_40,Conv_44,Relu_41,Conv_45,Add_13,Relu_42,Conv_47,Relu_43,Conv_48,Relu_44,Conv_49,Add_14,Relu_45,Conv_50,Relu_46,Conv_51,Relu_47,Conv_52,Add_15,Relu_48,GlobalAveragePool_0,Flatten_0,Gemm_0,output
51,input,Conv_0,Relu_0,MaxPool_0,Conv_1,Relu_1,Conv_4,Conv_2,Relu_2,Conv_3,Add_0,Relu_3,Conv_5,Relu_4,Conv_6,Relu_5,Conv_7,Add_1,Relu_6,Conv_8,Relu_7,Conv_9,Relu_8,Conv_10,Add_2,Relu_9,Conv_11,Relu_10,Conv_12,Relu_11,Conv_13,Conv_14,Add_3,Relu_12,Conv_15,Relu_13,Conv_16,Relu_14,Conv_17,Add_4,Relu_15,Conv_18,Relu_16,Conv_19,Relu_17,Conv_20,Add_5,Relu_18,Conv_21,Relu_19,Conv_22,Relu_20,Conv_23,Add_6,Relu_21,Conv_24,Relu_22,Conv_25,Relu_23,Conv_27,Conv_26,Add_7,Relu_24,Conv_28,Relu_25,Conv_29,Relu_26,Conv_30,Add_8,Relu_27,Conv_31,Relu_28,Conv_32,Relu_29,Conv_33,Add_9,Relu_30,Conv_34,Relu_31,Conv_35,Relu_32,Conv_36,Add_10,Relu_33,Conv_37,Relu_34,Conv_38,Relu_35,Conv_39,Add_11,Relu_36,Conv_40,Relu_37,Conv_41,Relu_38,Conv_42,Add_12,Relu_39,Conv_46,Conv_43,Relu_40,Conv_44,Relu_41,Conv_45,Add_13,Relu_42,Conv_47,Relu_43,Conv_48,Relu_44,Conv_49,Add_14,Relu_45,Conv_50,Relu_46,Conv_51,Relu_47,Conv_52,Add_15,Relu_48,GlobalAveragePool_0,Flatten_0,Gemm_0,output
52,input,Conv_0,Relu_0,MaxPool_0,Conv_1,Relu_1,Conv_4,Conv_2,Relu_2,Conv_3,Add_0,Relu_3,Conv_5,Relu_4,Conv_6,Relu_5,Conv_7,Add_1,Relu_6,Conv_8,Relu_7,Conv_9,Relu_8,Conv_10,Add_2,Relu_9,Conv_11,Relu_10,Conv_12,Relu_11,Conv_14,Conv_13,Add_3,Relu_12,Conv_15,Relu_13,Conv_16,Relu_14,Conv_17,Add_4,Relu_15,Conv_18,Relu_16,Conv_19,Relu_17,Conv_20,Add_5,Relu_18,Conv_21,Relu_19,Conv_22,Relu_20,Conv_23,Add_6,Relu_21,Conv_24,Conv_27,Relu_22,Conv_25,Relu_23,Conv_26,Add_7,Relu_24,Conv_28,Relu_25,Conv_29,Relu_26,Conv_30,Add_8,Relu_27,Conv_31,Relu_28,Conv_32,Relu_29,Conv_33,Add_9,Relu_30,Conv_34,Relu_31,Conv_35,Relu_32,Conv_36,Add_10,Relu_33,Conv_37,Relu_34,Conv_38,Relu_35,Conv_39,Add_11,Relu_36,Conv_40,Relu_37,Conv_41,Relu_38,Conv_42,Add_12,Relu_39,Conv_43,Relu_40,Conv_44,Relu_41,Conv_45,Conv_46,Add_13,Relu_42,Conv_47,Relu_43,Conv_48,Relu_44,Conv_49,Add_14,Relu_45,Conv_50,Relu_46,Conv_51,Relu_47,Conv_52,Add_15,Relu_48,GlobalAveragePool_0,Flatten_0,Gemm_0,output
53,input,Conv_0,Relu_0,MaxPool_0,Conv_4,Conv_1,Relu_1,Conv_2,Relu_2,Conv_3,Add_0,Relu_3,Conv_5,Relu_4,Conv_6,Relu_5,Conv_7,Add_1,Relu_6,Conv_8,Relu_7,Conv_9,Relu_8,Conv_10,Add_2,Relu_9,Conv_11,Relu_10,Conv_12,Conv_14,Relu_11,Conv_13,Add_3,Relu_12,Conv_15,Relu_13,Conv_16,Relu_14,Conv_17,Add_4,Relu_15,Conv_18,Relu_16,Conv_19,Relu_17,Conv_20,Add_5,Relu_18,Conv_21,Relu_19,Conv_22,Relu_20,Conv_23,Add_6,Relu_21,Conv_24,Relu_22,Conv_27,Conv_25,Relu_23,Conv_26,Add_7,Relu_24,Conv_28,Relu_25,Conv_29,Relu_26,Conv_30,Add_8,Relu_27,Conv_31,Relu_28,Conv_32,Relu_29,Conv_33,Add_9,Relu_30,Conv_34,Relu_31,Conv_35,Relu_32,Conv_36,Add_10,Relu_33,Conv_37,Relu_34,Conv_38,Relu_35,Conv_39,Add_11,Relu_36,Conv_40,Relu_37,Conv_41,Relu_38,Conv_42,Add_12,Relu_39,Conv_46,Conv_43,Relu_40,Conv_44,Relu_41,Conv_45,Add_13,Relu_42,Conv_47,Relu_43,Conv_48,Relu_44,Conv_49,Add_14,Relu_45,Conv_50,Relu_46,Conv_51,Relu_47,Conv_52,Add_15,Relu_48,GlobalAveragePool_0,Flatten_0,Gemm_0,output
54,input,Conv_0,Relu_0,MaxPool_0,Conv_4,Conv_1,Relu_1,Conv_2,Relu_2,Conv_3,Add_0,Relu_3,Conv_5,Relu_4,Conv_6,Relu_5,Conv_7,Add_1,Relu_6,Conv_8,Relu_7,Conv_9,Relu_8,Conv_10,Add_2,Relu_9,Conv_11,Relu_10,Conv_12,Relu_11,Conv_13,Conv_14,Add_3,Relu_12,Conv_15,Relu_13,Conv_16,Relu_14,Conv_17,Add_4,Relu_15,Conv_18,Relu_16,Conv_19,Relu_17,Conv_20,Add_5,Relu_18,Conv_21,Relu_19,Conv_22,Relu_20,Conv_23,Add_6,Relu_21,Conv_24,Relu_22,Conv_25,Relu_23,Conv_27,Conv_26,Add_7,Relu_24,Conv_28,Relu_25,Conv_29,Relu_26,Conv_30,Add_8,Relu_27,Conv_31,Relu_28,Conv_32,Relu_29,Conv_33,Add_9,Relu_30,Conv_34,Relu_31,Conv_35,Relu_32,Conv_36,Add_10,Relu_33,Conv_37,Relu_34,Conv_38,Relu_35,Conv_39,Add_11,Relu_36,Conv_40,Relu_37,Conv_41,Relu_38,Conv_42,Add_12,Relu_39,Conv_43,Conv_46,Relu_40,Conv_44,Relu_41,Conv_45,Add_13,Relu_42,Conv_47,Relu_43,Conv_48,Relu_44,Conv_49,Add_14,Relu_45,Conv_50,Relu_46,Conv_51,Relu_47,Conv_52,Add_15,Relu_48,GlobalAveragePool_0,Flatten_0,Gemm_0,output
55,input,Conv_0,Relu_0,MaxPool_0,Conv_4,Conv_1,Relu_1,Conv_2,Relu_2,Conv_3,Add_0,Relu_3,Conv_5,Relu_4,Conv_6,Relu_5,Conv_7,Add_1,Relu_6,Conv_8,Relu_7,Conv_9,Relu_8,Conv_10,Add_2,Relu_9,Conv_11,Relu_10,Conv_12,Relu_11,Conv_14,Conv_13,Add_3,Relu_12,Conv_15,Relu_13,Conv_16,Relu_14,Conv_17,Add_4,Relu_15,Conv_18,Relu_16,Conv_19,Relu_17,Conv_20,Add_5,Relu_18,Conv_21,Relu_19,Conv_22,Relu_20,Conv_23,Add_6,Relu_21,Conv_27,Conv_24,Relu_22,Conv_25,Relu_23,Conv_26,Add_7,Relu_24,Conv_28,Relu_25,Conv_29,Relu_26,Conv_30,Add_8,Relu_27,Conv_31,Relu_28,Conv_32,Relu_29,Conv_33,Add_9,Relu_30,Conv_34,Relu_31,Conv_35,Relu_32,Conv_36,Add_10,Relu_33,Conv_37,Relu_34,Conv_38,Relu_35,Conv_39,Add_11,Relu_36,Conv_40,Relu_37,Conv_41,Relu_38,Conv_42,Add_12,Relu_39,Conv_46,Conv_43,Relu_40,Conv_44,Relu_41,Conv_45,Add_13,Relu_42,Conv_47,Relu_43,Conv_48,Relu_44,Conv_49,Add_14,Relu_45,Conv_50,Relu_46,Conv_51,Relu_47,Conv_52,Add_15,Relu_48,GlobalAveragePool_0,Flatten_0,Gemm_0,output
56,input,Conv_0,Relu_0,MaxPool_0,Conv_4,Conv_1,Relu_1,Conv_2,Relu_2,Conv_3,Add_0,Relu_3,Conv_5,Relu_4,Conv_6,Relu_5,Conv_7,Add_1,Relu_6,Conv_8,Relu_7,Conv_9,Relu_8,Conv_10,Add_2,Relu_9,Conv_14,Conv_11,Relu_10,Conv_12,Relu_11,Conv_13,Add_3,Relu_12,Conv_15,Relu_13,Conv_16,Relu_14,Conv_17,Add_4,Relu_15,Conv_18,Relu_16,Conv_19,Relu_17,Conv_20,Add_5,Relu_18,Conv_21,Relu_19,Conv_22,Relu_20,Conv_23,Add_6,Relu_21,Conv_27,Conv_24,Relu_22,Conv_25,Relu_23,Conv_26,Add_7,Relu_24,Conv_28,Relu_25,Conv_29,Relu_26,Conv_30,Add_8,Relu_27,Conv_31,Relu_28,Conv_32,Relu_29,Conv_33,Add_9,Relu_30,Conv_34,Relu_31,Conv_35,Relu_32,Conv_36,Add_10,Relu_33,Conv_37,Relu_34,Conv_38,Relu_35,Conv_39,Add_11,Relu_36,Conv_40,Relu_37,Conv_41,Relu_38,Conv_42,Add_12,Relu_39,Conv_43,Conv_46,Relu_40,Conv_44,Relu_41,Conv_45,Add_13,Relu_42,Conv_47,Relu_43,Conv_48,Relu_44,Conv_49,Add_14,Relu_45,Conv_50,Relu_46,Conv_51,Relu_47,Conv_52,Add_15,Relu_48,GlobalAveragePool_0,Flatten_0,Gemm_0,output
