0,input,Conv_0,Relu_0,MaxPool_0,Conv_1,Relu_1,Conv_2,Conv_3,Relu_2,Relu_3,Concat_0,Conv_4,Relu_4,Conv_5,Conv_6,Relu_6,Relu_5,Concat_1,MaxPool_1,Conv_7,Relu_7,Conv_8,Conv_9,Relu_8,Relu_9,Concat_2,Conv_10,Relu_10,Conv_12,Relu_12,Conv_11,Relu_11,Concat_3,MaxPool_2,Conv_13,Relu_13,Conv_15,Relu_15,Conv_14,Relu_14,Concat_4,Conv_16,Relu_16,Conv_18,Relu_18,Conv_17,Relu_17,Concat_5,Conv_19,Relu_19,Conv_21,Conv_20,Relu_21,Relu_20,Concat_6,Conv_22,Relu_22,Conv_23,Conv_24,Relu_24,Relu_23,Concat_7,Conv_25,Relu_25,GlobalAveragePool_0,Flatten_0,output
1,input,Conv_0,Relu_0,MaxPool_0,Conv_1,Relu_1,Conv_2,Conv_3,Relu_2,Relu_3,Concat_0,Conv_4,Relu_4,Conv_5,Relu_5,Conv_6,Relu_6,Concat_1,MaxPool_1,Conv_7,Relu_7,Conv_9,Relu_9,Conv_8,Relu_8,Concat_2,Conv_10,Relu_10,Conv_11,Relu_11,Conv_12,Relu_12,Concat_3,MaxPool_2,Conv_13,Relu_13,Conv_14,Conv_15,Relu_15,Relu_14,Concat_4,Conv_16,Relu_16,Conv_17,Conv_18,Relu_18,Relu_17,Concat_5,Conv_19,Relu_19,Conv_21,Conv_20,Relu_20,Relu_21,Concat_6,Conv_22,Relu_22,Conv_23,Conv_24,Relu_24,Relu_23,Concat_7,Conv_25,Relu_25,GlobalAveragePool_0,Flatten_0,output
2,input,Conv_0,Relu_0,MaxPool_0,Conv_1,Relu_1,Conv_2,Conv_3,Relu_2,Relu_3,Concat_0,Conv_4,Relu_4,Conv_5,Relu_5,Conv_6,Relu_6,Concat_1,MaxPool_1,Conv_7,Relu_7,Conv_9,Relu_9,Conv_8,Relu_8,Concat_2,Conv_10,Relu_10,Conv_12,Conv_11,Relu_11,Relu_12,Concat_3,MaxPool_2,Conv_13,Relu_13,Conv_15,Relu_15,Conv_14,Relu_14,Concat_4,Conv_16,Relu_16,Conv_18,Conv_17,Relu_18,Relu_17,Concat_5,Conv_19,Relu_19,Conv_20,Conv_21,Relu_20,Relu_21,Concat_6,Conv_22,Relu_22,Conv_24,Relu_24,Conv_23,Relu_23,Concat_7,Conv_25,Relu_25,GlobalAveragePool_0,Flatten_0,output
3,input,Conv_0,Relu_0,MaxPool_0,Conv_1,Relu_1,Conv_2,Conv_3,Relu_2,Relu_3,Concat_0,Conv_4,Relu_4,Conv_6,Conv_5,Relu_6,Relu_5,Concat_1,MaxPool_1,Conv_7,Relu_7,Conv_9,Conv_8,Relu_9,Relu_8,Concat_2,Conv_10,Relu_10,Conv_11,Conv_12,Relu_11,Relu_12,Concat_3,MaxPool_2,Conv_13,Relu_13,Conv_14,Relu_14,Conv_15,Relu_15,Concat_4,Conv_16,Relu_16,Conv_17,Conv_18,Relu_18,Relu_17,Concat_5,Conv_19,Relu_19,Conv_20,Relu_20,Conv_21,Relu_21,Concat_6,Conv_22,Relu_22,Conv_23,Conv_24,Relu_23,Relu_24,Concat_7,Conv_25,Relu_25,GlobalAveragePool_0,Flatten_0,output
4,input,Conv_0,Relu_0,MaxPool_0,Conv_1,Relu_1,Conv_2,Conv_3,Relu_2,Relu_3,Concat_0,Conv_4,Relu_4,Conv_6,Relu_6,Conv_5,Relu_5,Concat_1,MaxPool_1,Conv_7,Relu_7,Conv_9,Relu_9,Conv_8,Relu_8,Concat_2,Conv_10,Relu_10,Conv_12,Conv_11,Relu_12,Relu_11,Concat_3,MaxPool_2,Conv_13,Relu_13,Conv_15,Relu_15,Conv_14,Relu_14,Concat_4,Conv_16,Relu_16,Conv_18,Relu_18,Conv_17,Relu_17,Concat_5,Conv_19,Relu_19,Conv_20,Conv_21,Relu_21,Relu_20,Concat_6,Conv_22,Relu_22,Conv_23,Relu_23,Conv_24,Relu_24,Concat_7,Conv_25,Relu_25,GlobalAveragePool_0,Flatten_0,output
5,input,Conv_0,Relu_0,MaxPool_0,Conv_1,Relu_1,Conv_2,Conv_3,Relu_3,Relu_2,Concat_0,Conv_4,Relu_4,Conv_6,Relu_6,Conv_5,Relu_5,Concat_1,MaxPool_1,Conv_7,Relu_7,Conv_9,Conv_8,Relu_8,Relu_9,Concat_2,Conv_10,Relu_10,Conv_12,Conv_11,Relu_12,Relu_11,Concat_3,MaxPool_2,Conv_13,Relu_13,Conv_15,Conv_14,Relu_15,Relu_14,Concat_4,Conv_16,Relu_16,Conv_17,Conv_18,Relu_18,Relu_17,Concat_5,Conv_19,Relu_19,Conv_21,Relu_21,Conv_20,Relu_20,Concat_6,Conv_22,Relu_22,Conv_23,Relu_23,Conv_24,Relu_24,Concat_7,Conv_25,Relu_25,GlobalAveragePool_0,Flatten_0,output
6,input,Conv_0,Relu_0,MaxPool_0,Conv_1,Relu_1,Conv_2,Conv_3,Relu_3,Relu_2,Concat_0,Conv_4,Relu_4,Conv_6,Relu_6,Conv_5,Relu_5,Concat_1,MaxPool_1,Conv_7,Relu_7,Conv_9,Relu_9,Conv_8,Relu_8,Concat_2,Conv_10,Relu_10,Conv_12,Relu_12,Conv_11,Relu_11,Concat_3,MaxPool_2,Conv_13,Relu_13,Conv_15,Relu_15,Conv_14,Relu_14,Concat_4,Conv_16,Relu_16,Conv_18,Relu_18,Conv_17,Relu_17,Concat_5,Conv_19,Relu_19,Conv_20,Relu_20,Conv_21,Relu_21,Concat_6,Conv_22,Relu_22,Conv_24,Relu_24,Conv_23,Relu_23,Concat_7,Conv_25,Relu_25,GlobalAveragePool_0,Flatten_0,output
7,input,Conv_0,Relu_0,MaxPool_0,Conv_1,Relu_1,Conv_2,Relu_2,Conv_3,Relu_3,Concat_0,Conv_4,Relu_4,Conv_5,Conv_6,Relu_6,Relu_5,Concat_1,MaxPool_1,Conv_7,Relu_7,Conv_8,Relu_8,Conv_9,Relu_9,Concat_2,Conv_10,Relu_10,Conv_11,Relu_11,Conv_12,Relu_12,Concat_3,MaxPool_2,Conv_13,Relu_13,Conv_14,Conv_15,Relu_15,Relu_14,Concat_4,Conv_16,Relu_16,Conv_17,Conv_18,Relu_18,Relu_17,Concat_5,Conv_19,Relu_19,Conv_20,Conv_21,Relu_20,Relu_21,Concat_6,Conv_22,Relu_22,Conv_24,Conv_23,Relu_24,Relu_23,Concat_7,Conv_25,Relu_25,GlobalAveragePool_0,Flatten_0,output
8,input,Conv_0,Relu_0,MaxPool_0,Conv_1,Relu_1,Conv_2,Relu_2,Conv_3,Relu_3,Concat_0,Conv_4,Relu_4,Conv_5,Conv_6,Relu_6,Relu_5,Concat_1,MaxPool_1,Conv_7,Relu_7,Conv_9,Conv_8,Relu_9,Relu_8,Concat_2,Conv_10,Relu_10,Conv_11,Relu_11,Conv_12,Relu_12,Concat_3,MaxPool_2,Conv_13,Relu_13,Conv_14,Relu_14,Conv_15,Relu_15,Concat_4,Conv_16,Relu_16,Conv_18,Relu_18,Conv_17,Relu_17,Concat_5,Conv_19,Relu_19,Conv_21,Conv_20,Relu_20,Relu_21,Concat_6,Conv_22,Relu_22,Conv_23,Relu_23,Conv_24,Relu_24,Concat_7,Conv_25,Relu_25,GlobalAveragePool_0,Flatten_0,output
9,input,Conv_0,Relu_0,MaxPool_0,Conv_1,Relu_1,Conv_2,Relu_2,Conv_3,Relu_3,Concat_0,Conv_4,Relu_4,Conv_5,Relu_5,Conv_6,Relu_6,Concat_1,MaxPool_1,Conv_7,Relu_7,Conv_8,Relu_8,Conv_9,Relu_9,Concat_2,Conv_10,Relu_10,Conv_11,Relu_11,Conv_12,Relu_12,Concat_3,MaxPool_2,Conv_13,Relu_13,Conv_15,Relu_15,Conv_14,Relu_14,Concat_4,Conv_16,Relu_16,Conv_17,Conv_18,Relu_18,Relu_17,Concat_5,Conv_19,Relu_19,Conv_21,Relu_21,Conv_20,Relu_20,Concat_6,Conv_22,Relu_22,Conv_24,Conv_23,Relu_24,Relu_23,Concat_7,Conv_25,Relu_25,GlobalAveragePool_0,Flatten_0,output
10,input,Conv_0,Relu_0,MaxPool_0,Conv_1,Relu_1,Conv_2,Relu_2,Conv_3,Relu_3,Concat_0,Conv_4,Relu_4,Conv_5,Relu_5,Conv_6,Relu_6,Concat_1,MaxPool_1,Conv_7,Relu_7,Conv_9,Conv_8,Relu_8,Relu_9,Concat_2,Conv_10,Relu_10,Conv_11,Conv_12,Relu_12,Relu_11,Concat_3,MaxPool_2,Conv_13,Relu_13,Conv_15,Conv_14,Relu_14,Relu_15,Concat_4,Conv_16,Relu_16,Conv_17,Conv_18,Relu_17,Relu_18,Concat_5,Conv_19,Relu_19,Conv_21,Relu_21,Conv_20,Relu_20,Concat_6,Conv_22,Relu_22,Conv_23,Relu_23,Conv_24,Relu_24,Concat_7,Conv_25,Relu_25,GlobalAveragePool_0,Flatten_0,output
11,input,Conv_0,Relu_0,MaxPool_0,Conv_1,Relu_1,Conv_2,Relu_2,Conv_3,Relu_3,Concat_0,Conv_4,Relu_4,Conv_5,Relu_5,Conv_6,Relu_6,Concat_1,MaxPool_1,Conv_7,Relu_7,Conv_9,Conv_8,Relu_8,Relu_9,Concat_2,Conv_10,Relu_10,Conv_12,Relu_12,Conv_11,Relu_11,Concat_3,MaxPool_2,Conv_13,Relu_13,Conv_14,Conv_15,Relu_14,Relu_15,Concat_4,Conv_16,Relu_16,Conv_18,Relu_18,Conv_17,Relu_17,Concat_5,Conv_19,Relu_19,Conv_21,Conv_20,Relu_20,Relu_21,Concat_6,Conv_22,Relu_22,Conv_23,Relu_23,Conv_24,Relu_24,Concat_7,Conv_25,Relu_25,GlobalAveragePool_0,Flatten_0,output
12,input,Conv_0,Relu_0,MaxPool_0,Conv_1,Relu_1,Conv_2,Relu_2,Conv_3,Relu_3,Concat_0,Conv_4,Relu_4,Conv_5,Relu_5,Conv_6,Relu_6,Concat_1,MaxPool_1,Conv_7,Relu_7,Conv_9,Conv_8,Relu_9,Relu_8,Concat_2,Conv_10,Relu_10,Conv_11,Conv_12,Relu_11,Relu_12,Concat_3,MaxPool_2,Conv_13,Relu_13,Conv_14,Relu_14,Conv_15,Relu_15,Concat_4,Conv_16,Relu_16,Conv_17,Conv_18,Relu_18,Relu_17,Concat_5,Conv_19,Relu_19,Conv_20,Conv_21,Relu_20,Relu_21,Concat_6,Conv_22,Relu_22,Conv_23,Conv_24,Relu_24,Relu_23,Concat_7,Conv_25,Relu_25,GlobalAveragePool_0,Flatten_0,output
13,input,Conv_0,Relu_0,MaxPool_0,Conv_1,Relu_1,Conv_2,Relu_2,Conv_3,Relu_3,Concat_0,Conv_4,Relu_4,Conv_5,Relu_5,Conv_6,Relu_6,Concat_1,MaxPool_1,Conv_7,Relu_7,Conv_9,Conv_8,Relu_9,Relu_8,Concat_2,Conv_10,Relu_10,Conv_12,Relu_12,Conv_11,Relu_11,Concat_3,MaxPool_2,Conv_13,Relu_13,Conv_15,Conv_14,Relu_14,Relu_15,Concat_4,Conv_16,Relu_16,Conv_17,Conv_18,Relu_17,Relu_18,Concat_5,Conv_19,Relu_19,Conv_21,Relu_21,Conv_20,Relu_20,Concat_6,Conv_22,Relu_22,Conv_24,Conv_23,Relu_24,Relu_23,Concat_7,Conv_25,Relu_25,GlobalAveragePool_0,Flatten_0,output
14,input,Conv_0,Relu_0,MaxPool_0,Conv_1,Relu_1,Conv_2,Relu_2,Conv_3,Relu_3,Concat_0,Conv_4,Relu_4,Conv_5,Relu_5,Conv_6,Relu_6,Concat_1,MaxPool_1,Conv_7,Relu_7,Conv_9,Relu_9,Conv_8,Relu_8,Concat_2,Conv_10,Relu_10,Conv_11,Relu_11,Conv_12,Relu_12,Concat_3,MaxPool_2,Conv_13,Relu_13,Conv_15,Relu_15,Conv_14,Relu_14,Concat_4,Conv_16,Relu_16,Conv_17,Relu_17,Conv_18,Relu_18,Concat_5,Conv_19,Relu_19,Conv_20,Relu_20,Conv_21,Relu_21,Concat_6,Conv_22,Relu_22,Conv_23,Conv_24,Relu_24,Relu_23,Concat_7,Conv_25,Relu_25,GlobalAveragePool_0,Flatten_0,output
15,input,Conv_0,Relu_0,MaxPool_0,Conv_1,Relu_1,Conv_2,Relu_2,Conv_3,Relu_3,Concat_0,Conv_4,Relu_4,Conv_5,Relu_5,Conv_6,Relu_6,Concat_1,MaxPool_1,Conv_7,Relu_7,Conv_9,Relu_9,Conv_8,Relu_8,Concat_2,Conv_10,Relu_10,Conv_12,Conv_11,Relu_11,Relu_12,Concat_3,MaxPool_2,Conv_13,Relu_13,Conv_14,Relu_14,Conv_15,Relu_15,Concat_4,Conv_16,Relu_16,Conv_18,Conv_17,Relu_18,Relu_17,Concat_5,Conv_19,Relu_19,Conv_20,Relu_20,Conv_21,Relu_21,Concat_6,Conv_22,Relu_22,Conv_24,Relu_24,Conv_23,Relu_23,Concat_7,Conv_25,Relu_25,GlobalAveragePool_0,Flatten_0,output
16,input,Conv_0,Relu_0,MaxPool_0,Conv_1,Relu_1,Conv_2,Relu_2,Conv_3,Relu_3,Concat_0,Conv_4,Relu_4,Conv_5,Relu_5,Conv_6,Relu_6,Concat_1,MaxPool_1,Conv_7,Relu_7,Conv_9,Relu_9,Conv_8,Relu_8,Concat_2,Conv_10,Relu_10,Conv_12,Relu_12,Conv_11,Relu_11,Concat_3,MaxPool_2,Conv_13,Relu_13,Conv_15,Relu_15,Conv_14,Relu_14,Concat_4,Conv_16,Relu_16,Conv_18,Relu_18,Conv_17,Relu_17,Concat_5,Conv_19,Relu_19,Conv_21,Relu_21,Conv_20,Relu_20,Concat_6,Conv_22,Relu_22,Conv_24,Relu_24,Conv_23,Relu_23,Concat_7,Conv_25,Relu_25,GlobalAveragePool_0,Flatten_0,output
17,input,Conv_0,Relu_0,MaxPool_0,Conv_1,Relu_1,Conv_2,Relu_2,Conv_3,Relu_3,Concat_0,Conv_4,Relu_4,Conv_6,Conv_5,Relu_5,Relu_6,Concat_1,MaxPool_1,Conv_7,Relu_7,Conv_8,Relu_8,Conv_9,Relu_9,Concat_2,Conv_10,Relu_10,Conv_11,Relu_11,Conv_12,Relu_12,Concat_3,MaxPool_2,Conv_13,Relu_13,Conv_15,Conv_14,Relu_14,Relu_15,Concat_4,Conv_16,Relu_16,Conv_18,Conv_17,Relu_18,Relu_17,Concat_5,Conv_19,Relu_19,Conv_20,Relu_20,Conv_21,Relu_21,Concat_6,Conv_22,Relu_22,Conv_24,Conv_23,Relu_23,Relu_24,Concat_7,Conv_25,Relu_25,GlobalAveragePool_0,Flatten_0,output
18,input,Conv_0,Relu_0,MaxPool_0,Conv_1,Relu_1,Conv_2,Relu_2,Conv_3,Relu_3,Concat_0,Conv_4,Relu_4,Conv_6,Conv_5,Relu_6,Relu_5,Concat_1,MaxPool_1,Conv_7,Relu_7,Conv_8,Conv_9,Relu_8,Relu_9,Concat_2,Conv_10,Relu_10,Conv_11,Conv_12,Relu_12,Relu_11,Concat_3,MaxPool_2,Conv_13,Relu_13,Conv_14,Relu_14,Conv_15,Relu_15,Concat_4,Conv_16,Relu_16,Conv_18,Relu_18,Conv_17,Relu_17,Concat_5,Conv_19,Relu_19,Conv_20,Relu_20,Conv_21,Relu_21,Concat_6,Conv_22,Relu_22,Conv_23,Relu_23,Conv_24,Relu_24,Concat_7,Conv_25,Relu_25,GlobalAveragePool_0,Flatten_0,output
19,input,Conv_0,Relu_0,MaxPool_0,Conv_1,Relu_1,Conv_2,Relu_2,Conv_3,Relu_3,Concat_0,Conv_4,Relu_4,Conv_6,Conv_5,Relu_6,Relu_5,Concat_1,MaxPool_1,Conv_7,Relu_7,Conv_9,Conv_8,Relu_8,Relu_9,Concat_2,Conv_10,Relu_10,Conv_11,Relu_11,Conv_12,Relu_12,Concat_3,MaxPool_2,Conv_13,Relu_13,Conv_14,Conv_15,Relu_14,Relu_15,Concat_4,Conv_16,Relu_16,Conv_17,Relu_17,Conv_18,Relu_18,Concat_5,Conv_19,Relu_19,Conv_20,Conv_21,Relu_21,Relu_20,Concat_6,Conv_22,Relu_22,Conv_24,Relu_24,Conv_23,Relu_23,Concat_7,Conv_25,Relu_25,GlobalAveragePool_0,Flatten_0,output
20,input,Conv_0,Relu_0,MaxPool_0,Conv_1,Relu_1,Conv_2,Relu_2,Conv_3,Relu_3,Concat_0,Conv_4,Relu_4,Conv_6,Relu_6,Conv_5,Relu_5,Concat_1,MaxPool_1,Conv_7,Relu_7,Conv_8,Conv_9,Relu_9,Relu_8,Concat_2,Conv_10,Relu_10,Conv_11,Relu_11,Conv_12,Relu_12,Concat_3,MaxPool_2,Conv_13,Relu_13,Conv_15,Relu_15,Conv_14,Relu_14,Concat_4,Conv_16,Relu_16,Conv_18,Relu_18,Conv_17,Relu_17,Concat_5,Conv_19,Relu_19,Conv_20,Relu_20,Conv_21,Relu_21,Concat_6,Conv_22,Relu_22,Conv_24,Relu_24,Conv_23,Relu_23,Concat_7,Conv_25,Relu_25,GlobalAveragePool_0,Flatten_0,output
21,input,Conv_0,Relu_0,MaxPool_0,Conv_1,Relu_1,Conv_2,Relu_2,Conv_3,Relu_3,Concat_0,Conv_4,Relu_4,Conv_6,Relu_6,Conv_5,Relu_5,Concat_1,MaxPool_1,Conv_7,Relu_7,Conv_8,Relu_8,Conv_9,Relu_9,Concat_2,Conv_10,Relu_10,Conv_12,Relu_12,Conv_11,Relu_11,Concat_3,MaxPool_2,Conv_13,Relu_13,Conv_15,Conv_14,Relu_15,Relu_14,Concat_4,Conv_16,Relu_16,Conv_17,Relu_17,Conv_18,Relu_18,Concat_5,Conv_19,Relu_19,Conv_21,Relu_21,Conv_20,Relu_20,Concat_6,Conv_22,Relu_22,Conv_23,Relu_23,Conv_24,Relu_24,Concat_7,Conv_25,Relu_25,GlobalAveragePool_0,Flatten_0,output
22,input,Conv_0,Relu_0,MaxPool_0,Conv_1,Relu_1,Conv_2,Relu_2,Conv_3,Relu_3,Concat_0,Conv_4,Relu_4,Conv_6,Relu_6,Conv_5,Relu_5,Concat_1,MaxPool_1,Conv_7,Relu_7,Conv_8,Relu_8,Conv_9,Relu_9,Concat_2,Conv_10,Relu_10,Conv_12,Relu_12,Conv_11,Relu_11,Concat_3,MaxPool_2,Conv_13,Relu_13,Conv_15,Relu_15,Conv_14,Relu_14,Concat_4,Conv_16,Relu_16,Conv_17,Conv_18,Relu_17,Relu_18,Concat_5,Conv_19,Relu_19,Conv_21,Conv_20,Relu_20,Relu_21,Concat_6,Conv_22,Relu_22,Conv_24,Relu_24,Conv_23,Relu_23,Concat_7,Conv_25,Relu_25,GlobalAveragePool_0,Flatten_0,output
23,input,Conv_0,Relu_0,MaxPool_0,Conv_1,Relu_1,Conv_2,Relu_2,Conv_3,Relu_3,Concat_0,Conv_4,Relu_4,Conv_6,Relu_6,Conv_5,Relu_5,Concat_1,MaxPool_1,Conv_7,Relu_7,Conv_9,Conv_8,Relu_9,Relu_8,Concat_2,Conv_10,Relu_10,Conv_11,Relu_11,Conv_12,Relu_12,Concat_3,MaxPool_2,Conv_13,Relu_13,Conv_15,Relu_15,Conv_14,Relu_14,Concat_4,Conv_16,Relu_16,Conv_18,Conv_17,Relu_17,Relu_18,Concat_5,Conv_19,Relu_19,Conv_20,Relu_20,Conv_21,Relu_21,Concat_6,Conv_22,Relu_22,Conv_23,Relu_23,Conv_24,Relu_24,Concat_7,Conv_25,Relu_25,GlobalAveragePool_0,Flatten_0,output
24,input,Conv_0,Relu_0,MaxPool_0,Conv_1,Relu_1,Conv_2,Relu_2,Conv_3,Relu_3,Concat_0,Conv_4,Relu_4,Conv_6,Relu_6,Conv_5,Relu_5,Concat_1,MaxPool_1,Conv_7,Relu_7,Conv_9,Conv_8,Relu_9,Relu_8,Concat_2,Conv_10,Relu_10,Conv_12,Conv_11,Relu_11,Relu_12,Concat_3,MaxPool_2,Conv_13,Relu_13,Conv_15,Relu_15,Conv_14,Relu_14,Concat_4,Conv_16,Relu_16,Conv_18,Conv_17,Relu_17,Relu_18,Concat_5,Conv_19,Relu_19,Conv_20,Conv_21,Relu_21,Relu_20,Concat_6,Conv_22,Relu_22,Conv_24,Relu_24,Conv_23,Relu_23,Concat_7,Conv_25,Relu_25,GlobalAveragePool_0,Flatten_0,output
25,input,Conv_0,Relu_0,MaxPool_0,Conv_1,Relu_1,Conv_2,Relu_2,Conv_3,Relu_3,Concat_0,Conv_4,Relu_4,Conv_6,Relu_6,Conv_5,Relu_5,Concat_1,MaxPool_1,Conv_7,Relu_7,Conv_9,Relu_9,Conv_8,Relu_8,Concat_2,Conv_10,Relu_10,Conv_12,Relu_12,Conv_11,Relu_11,Concat_3,MaxPool_2,Conv_13,Relu_13,Conv_15,Relu_15,Conv_14,Relu_14,Concat_4,Conv_16,Relu_16,Conv_17,Conv_18,Relu_17,Relu_18,Concat_5,Conv_19,Relu_19,Conv_20,Relu_20,Conv_21,Relu_21,Concat_6,Conv_22,Relu_22,Conv_23,Relu_23,Conv_24,Relu_24,Concat_7,Conv_25,Relu_25,GlobalAveragePool_0,Flatten_0,output
26,input,Conv_0,Relu_0,MaxPool_0,Conv_1,Relu_1,Conv_3,Conv_2,Relu_2,Relu_3,Concat_0,Conv_4,Relu_4,Conv_5,Conv_6,Relu_5,Relu_6,Concat_1,MaxPool_1,Conv_7,Relu_7,Conv_9,Conv_8,Relu_9,Relu_8,Concat_2,Conv_10,Relu_10,Conv_11,Relu_11,Conv_12,Relu_12,Concat_3,MaxPool_2,Conv_13,Relu_13,Conv_15,Conv_14,Relu_14,Relu_15,Concat_4,Conv_16,Relu_16,Conv_18,Conv_17,Relu_18,Relu_17,Concat_5,Conv_19,Relu_19,Conv_20,Relu_20,Conv_21,Relu_21,Concat_6,Conv_22,Relu_22,Conv_24,Conv_23,Relu_24,Relu_23,Concat_7,Conv_25,Relu_25,GlobalAveragePool_0,Flatten_0,output
27,input,Conv_0,Relu_0,MaxPool_0,Conv_1,Relu_1,Conv_3,Conv_2,Relu_2,Relu_3,Concat_0,Conv_4,Relu_4,Conv_5,Conv_6,Relu_6,Relu_5,Concat_1,MaxPool_1,Conv_7,Relu_7,Conv_9,Relu_9,Conv_8,Relu_8,Concat_2,Conv_10,Relu_10,Conv_12,Conv_11,Relu_11,Relu_12,Concat_3,MaxPool_2,Conv_13,Relu_13,Conv_14,Conv_15,Relu_15,Relu_14,Concat_4,Conv_16,Relu_16,Conv_17,Relu_17,Conv_18,Relu_18,Concat_5,Conv_19,Relu_19,Conv_20,Relu_20,Conv_21,Relu_21,Concat_6,Conv_22,Relu_22,Conv_24,Conv_23,Relu_23,Relu_24,Concat_7,Conv_25,Relu_25,GlobalAveragePool_0,Flatten_0,output
28,input,Conv_0,Relu_0,MaxPool_0,Conv_1,Relu_1,Conv_3,Conv_2,Relu_2,Relu_3,Concat_0,Conv_4,Relu_4,Conv_5,Relu_5,Conv_6,Relu_6,Concat_1,MaxPool_1,Conv_7,Relu_7,Conv_9,Relu_9,Conv_8,Relu_8,Concat_2,Conv_10,Relu_10,Conv_12,Relu_12,Conv_11,Relu_11,Concat_3,MaxPool_2,Conv_13,Relu_13,Conv_14,Conv_15,Relu_15,Relu_14,Concat_4,Conv_16,Relu_16,Conv_17,Conv_18,Relu_17,Relu_18,Concat_5,Conv_19,Relu_19,Conv_21,Relu_21,Conv_20,Relu_20,Concat_6,Conv_22,Relu_22,Conv_24,Relu_24,Conv_23,Relu_23,Concat_7,Conv_25,Relu_25,GlobalAveragePool_0,Flatten_0,output
29,input,Conv_0,Relu_0,MaxPool_0,Conv_1,Relu_1,Conv_3,Conv_2,Relu_2,Relu_3,Concat_0,Conv_4,Relu_4,Conv_6,Conv_5,Relu_5,Relu_6,Concat_1,MaxPool_1,Conv_7,Relu_7,Conv_9,Relu_9,Conv_8,Relu_8,Concat_2,Conv_10,Relu_10,Conv_11,Conv_12,Relu_11,Relu_12,Concat_3,MaxPool_2,Conv_13,Relu_13,Conv_14,Relu_14,Conv_15,Relu_15,Concat_4,Conv_16,Relu_16,Conv_18,Conv_17,Relu_18,Relu_17,Concat_5,Conv_19,Relu_19,Conv_20,Relu_20,Conv_21,Relu_21,Concat_6,Conv_22,Relu_22,Conv_23,Conv_24,Relu_23,Relu_24,Concat_7,Conv_25,Relu_25,GlobalAveragePool_0,Flatten_0,output
30,input,Conv_0,Relu_0,MaxPool_0,Conv_1,Relu_1,Conv_3,Conv_2,Relu_2,Relu_3,Concat_0,Conv_4,Relu_4,Conv_6,Conv_5,Relu_6,Relu_5,Concat_1,MaxPool_1,Conv_7,Relu_7,Conv_8,Relu_8,Conv_9,Relu_9,Concat_2,Conv_10,Relu_10,Conv_12,Relu_12,Conv_11,Relu_11,Concat_3,MaxPool_2,Conv_13,Relu_13,Conv_15,Relu_15,Conv_14,Relu_14,Concat_4,Conv_16,Relu_16,Conv_17,Relu_17,Conv_18,Relu_18,Concat_5,Conv_19,Relu_19,Conv_21,Relu_21,Conv_20,Relu_20,Concat_6,Conv_22,Relu_22,Conv_24,Conv_23,Relu_24,Relu_23,Concat_7,Conv_25,Relu_25,GlobalAveragePool_0,Flatten_0,output
31,input,Conv_0,Relu_0,MaxPool_0,Conv_1,Relu_1,Conv_3,Conv_2,Relu_2,Relu_3,Concat_0,Conv_4,Relu_4,Conv_6,Relu_6,Conv_5,Relu_5,Concat_1,MaxPool_1,Conv_7,Relu_7,Conv_8,Conv_9,Relu_8,Relu_9,Concat_2,Conv_10,Relu_10,Conv_11,Conv_12,Relu_12,Relu_11,Concat_3,MaxPool_2,Conv_13,Relu_13,Conv_15,Relu_15,Conv_14,Relu_14,Concat_4,Conv_16,Relu_16,Conv_18,Conv_17,Relu_17,Relu_18,Concat_5,Conv_19,Relu_19,Conv_20,Relu_20,Conv_21,Relu_21,Concat_6,Conv_22,Relu_22,Conv_23,Conv_24,Relu_24,Relu_23,Concat_7,Conv_25,Relu_25,GlobalAveragePool_0,Flatten_0,output
32,input,Conv_0,Relu_0,MaxPool_0,Conv_1,Relu_1,Conv_3,Conv_2,Relu_2,Relu_3,Concat_0,Conv_4,Relu_4,Conv_6,Relu_6,Conv_5,Relu_5,Concat_1,MaxPool_1,Conv_7,Relu_7,Conv_9,Relu_9,Conv_8,Relu_8,Concat_2,Conv_10,Relu_10,Conv_12,Relu_12,Conv_11,Relu_11,Concat_3,MaxPool_2,Conv_13,Relu_13,Conv_14,Relu_14,Conv_15,Relu_15,Concat_4,Conv_16,Relu_16,Conv_18,Conv_17,Relu_17,Relu_18,Concat_5,Conv_19,Relu_19,Conv_20,Relu_20,Conv_21,Relu_21,Concat_6,Conv_22,Relu_22,Conv_24,Conv_23,Relu_23,Relu_24,Concat_7,Conv_25,Relu_25,GlobalAveragePool_0,Flatten_0,output
33,input,Conv_0,Relu_0,MaxPool_0,Conv_1,Relu_1,Conv_3,Conv_2,Relu_3,Relu_2,Concat_0,Conv_4,Relu_4,Conv_5,Conv_6,Relu_5,Relu_6,Concat_1,MaxPool_1,Conv_7,Relu_7,Conv_8,Relu_8,Conv_9,Relu_9,Concat_2,Conv_10,Relu_10,Conv_12,Conv_11,Relu_12,Relu_11,Concat_3,MaxPool_2,Conv_13,Relu_13,Conv_15,Conv_14,Relu_15,Relu_14,Concat_4,Conv_16,Relu_16,Conv_17,Conv_18,Relu_18,Relu_17,Concat_5,Conv_19,Relu_19,Conv_20,Conv_21,Relu_20,Relu_21,Concat_6,Conv_22,Relu_22,Conv_23,Conv_24,Relu_23,Relu_24,Concat_7,Conv_25,Relu_25,GlobalAveragePool_0,Flatten_0,output
34,input,Conv_0,Relu_0,MaxPool_0,Conv_1,Relu_1,Conv_3,Conv_2,Relu_3,Relu_2,Concat_0,Conv_4,Relu_4,Conv_5,Conv_6,Relu_6,Relu_5,Concat_1,MaxPool_1,Conv_7,Relu_7,Conv_8,Relu_8,Conv_9,Relu_9,Concat_2,Conv_10,Relu_10,Conv_11,Conv_12,Relu_12,Relu_11,Concat_3,MaxPool_2,Conv_13,Relu_13,Conv_15,Conv_14,Relu_14,Relu_15,Concat_4,Conv_16,Relu_16,Conv_17,Relu_17,Conv_18,Relu_18,Concat_5,Conv_19,Relu_19,Conv_21,Relu_21,Conv_20,Relu_20,Concat_6,Conv_22,Relu_22,Conv_23,Conv_24,Relu_23,Relu_24,Concat_7,Conv_25,Relu_25,GlobalAveragePool_0,Flatten_0,output
35,input,Conv_0,Relu_0,MaxPool_0,Conv_1,Relu_1,Conv_3,Conv_2,Relu_3,Relu_2,Concat_0,Conv_4,Relu_4,Conv_5,Conv_6,Relu_6,Relu_5,Concat_1,MaxPool_1,Conv_7,Relu_7,Conv_8,Relu_8,Conv_9,Relu_9,Concat_2,Conv_10,Relu_10,Conv_12,Conv_11,Relu_11,Relu_12,Concat_3,MaxPool_2,Conv_13,Relu_13,Conv_14,Relu_14,Conv_15,Relu_15,Concat_4,Conv_16,Relu_16,Conv_17,Conv_18,Relu_18,Relu_17,Concat_5,Conv_19,Relu_19,Conv_20,Relu_20,Conv_21,Relu_21,Concat_6,Conv_22,Relu_22,Conv_24,Conv_23,Relu_23,Relu_24,Concat_7,Conv_25,Relu_25,GlobalAveragePool_0,Flatten_0,output
36,input,Conv_0,Relu_0,MaxPool_0,Conv_1,Relu_1,Conv_3,Conv_2,Relu_3,Relu_2,Concat_0,Conv_4,Relu_4,Conv_5,Conv_6,Relu_6,Relu_5,Concat_1,MaxPool_1,Conv_7,Relu_7,Conv_9,Conv_8,Relu_8,Relu_9,Concat_2,Conv_10,Relu_10,Conv_11,Relu_11,Conv_12,Relu_12,Concat_3,MaxPool_2,Conv_13,Relu_13,Conv_14,Relu_14,Conv_15,Relu_15,Concat_4,Conv_16,Relu_16,Conv_18,Relu_18,Conv_17,Relu_17,Concat_5,Conv_19,Relu_19,Conv_20,Conv_21,Relu_21,Relu_20,Concat_6,Conv_22,Relu_22,Conv_24,Conv_23,Relu_23,Relu_24,Concat_7,Conv_25,Relu_25,GlobalAveragePool_0,Flatten_0,output
37,input,Conv_0,Relu_0,MaxPool_0,Conv_1,Relu_1,Conv_3,Conv_2,Relu_3,Relu_2,Concat_0,Conv_4,Relu_4,Conv_5,Conv_6,Relu_6,Relu_5,Concat_1,MaxPool_1,Conv_7,Relu_7,Conv_9,Conv_8,Relu_8,Relu_9,Concat_2,Conv_10,Relu_10,Conv_12,Relu_12,Conv_11,Relu_11,Concat_3,MaxPool_2,Conv_13,Relu_13,Conv_14,Relu_14,Conv_15,Relu_15,Concat_4,Conv_16,Relu_16,Conv_17,Conv_18,Relu_17,Relu_18,Concat_5,Conv_19,Relu_19,Conv_21,Relu_21,Conv_20,Relu_20,Concat_6,Conv_22,Relu_22,Conv_23,Conv_24,Relu_24,Relu_23,Concat_7,Conv_25,Relu_25,GlobalAveragePool_0,Flatten_0,output
38,input,Conv_0,Relu_0,MaxPool_0,Conv_1,Relu_1,Conv_3,Conv_2,Relu_3,Relu_2,Concat_0,Conv_4,Relu_4,Conv_5,Conv_6,Relu_6,Relu_5,Concat_1,MaxPool_1,Conv_7,Relu_7,Conv_9,Relu_9,Conv_8,Relu_8,Concat_2,Conv_10,Relu_10,Conv_11,Relu_11,Conv_12,Relu_12,Concat_3,MaxPool_2,Conv_13,Relu_13,Conv_15,Relu_15,Conv_14,Relu_14,Concat_4,Conv_16,Relu_16,Conv_17,Relu_17,Conv_18,Relu_18,Concat_5,Conv_19,Relu_19,Conv_21,Relu_21,Conv_20,Relu_20,Concat_6,Conv_22,Relu_22,Conv_24,Relu_24,Conv_23,Relu_23,Concat_7,Conv_25,Relu_25,GlobalAveragePool_0,Flatten_0,output
39,input,Conv_0,Relu_0,MaxPool_0,Conv_1,Relu_1,Conv_3,Conv_2,Relu_3,Relu_2,Concat_0,Conv_4,Relu_4,Conv_5,Relu_5,Conv_6,Relu_6,Concat_1,MaxPool_1,Conv_7,Relu_7,Conv_8,Relu_8,Conv_9,Relu_9,Concat_2,Conv_10,Relu_10,Conv_11,Relu_11,Conv_12,Relu_12,Concat_3,MaxPool_2,Conv_13,Relu_13,Conv_14,Relu_14,Conv_15,Relu_15,Concat_4,Conv_16,Relu_16,Conv_18,Conv_17,Relu_18,Relu_17,Concat_5,Conv_19,Relu_19,Conv_21,Relu_21,Conv_20,Relu_20,Concat_6,Conv_22,Relu_22,Conv_23,Relu_23,Conv_24,Relu_24,Concat_7,Conv_25,Relu_25,GlobalAveragePool_0,Flatten_0,output
40,input,Conv_0,Relu_0,MaxPool_0,Conv_1,Relu_1,Conv_3,Conv_2,Relu_3,Relu_2,Concat_0,Conv_4,Relu_4,Conv_5,Relu_5,Conv_6,Relu_6,Concat_1,MaxPool_1,Conv_7,Relu_7,Conv_9,Conv_8,Relu_8,Relu_9,Concat_2,Conv_10,Relu_10,Conv_12,Conv_11,Relu_12,Relu_11,Concat_3,MaxPool_2,Conv_13,Relu_13,Conv_15,Relu_15,Conv_14,Relu_14,Concat_4,Conv_16,Relu_16,Conv_17,Conv_18,Relu_18,Relu_17,Concat_5,Conv_19,Relu_19,Conv_20,Relu_20,Conv_21,Relu_21,Concat_6,Conv_22,Relu_22,Conv_24,Relu_24,Conv_23,Relu_23,Concat_7,Conv_25,Relu_25,GlobalAveragePool_0,Flatten_0,output
41,input,Conv_0,Relu_0,MaxPool_0,Conv_1,Relu_1,Conv_3,Conv_2,Relu_3,Relu_2,Concat_0,Conv_4,Relu_4,Conv_6,Conv_5,Relu_5,Relu_6,Concat_1,MaxPool_1,Conv_7,Relu_7,Conv_9,Relu_9,Conv_8,Relu_8,Concat_2,Conv_10,Relu_10,Conv_11,Conv_12,Relu_11,Relu_12,Concat_3,MaxPool_2,Conv_13,Relu_13,Conv_15,Conv_14,Relu_14,Relu_15,Concat_4,Conv_16,Relu_16,Conv_17,Conv_18,Relu_18,Relu_17,Concat_5,Conv_19,Relu_19,Conv_20,Conv_21,Relu_20,Relu_21,Concat_6,Conv_22,Relu_22,Conv_23,Conv_24,Relu_23,Relu_24,Concat_7,Conv_25,Relu_25,GlobalAveragePool_0,Flatten_0,output
42,input,Conv_0,Relu_0,MaxPool_0,Conv_1,Relu_1,Conv_3,Conv_2,Relu_3,Relu_2,Concat_0,Conv_4,Relu_4,Conv_6,Relu_6,Conv_5,Relu_5,Concat_1,MaxPool_1,Conv_7,Relu_7,Conv_8,Relu_8,Conv_9,Relu_9,Concat_2,Conv_10,Relu_10,Conv_11,Relu_11,Conv_12,Relu_12,Concat_3,MaxPool_2,Conv_13,Relu_13,Conv_14,Conv_15,Relu_14,Relu_15,Concat_4,Conv_16,Relu_16,Conv_18,Relu_18,Conv_17,Relu_17,Concat_5,Conv_19,Relu_19,Conv_20,Relu_20,Conv_21,Relu_21,Concat_6,Conv_22,Relu_22,Conv_24,Conv_23,Relu_23,Relu_24,Concat_7,Conv_25,Relu_25,GlobalAveragePool_0,Flatten_0,output
43,input,Conv_0,Relu_0,MaxPool_0,Conv_1,Relu_1,Conv_3,Conv_2,Relu_3,Relu_2,Concat_0,Conv_4,Relu_4,Conv_6,Relu_6,Conv_5,Relu_5,Concat_1,MaxPool_1,Conv_7,Relu_7,Conv_8,Relu_8,Conv_9,Relu_9,Concat_2,Conv_10,Relu_10,Conv_12,Conv_11,Relu_11,Relu_12,Concat_3,MaxPool_2,Conv_13,Relu_13,Conv_15,Relu_15,Conv_14,Relu_14,Concat_4,Conv_16,Relu_16,Conv_17,Relu_17,Conv_18,Relu_18,Concat_5,Conv_19,Relu_19,Conv_20,Conv_21,Relu_21,Relu_20,Concat_6,Conv_22,Relu_22,Conv_24,Relu_24,Conv_23,Relu_23,Concat_7,Conv_25,Relu_25,GlobalAveragePool_0,Flatten_0,output
44,input,Conv_0,Relu_0,MaxPool_0,Conv_1,Relu_1,Conv_3,Conv_2,Relu_3,Relu_2,Concat_0,Conv_4,Relu_4,Conv_6,Relu_6,Conv_5,Relu_5,Concat_1,MaxPool_1,Conv_7,Relu_7,Conv_9,Conv_8,Relu_8,Relu_9,Concat_2,Conv_10,Relu_10,Conv_11,Relu_11,Conv_12,Relu_12,Concat_3,MaxPool_2,Conv_13,Relu_13,Conv_14,Conv_15,Relu_14,Relu_15,Concat_4,Conv_16,Relu_16,Conv_18,Conv_17,Relu_18,Relu_17,Concat_5,Conv_19,Relu_19,Conv_20,Relu_20,Conv_21,Relu_21,Concat_6,Conv_22,Relu_22,Conv_23,Conv_24,Relu_24,Relu_23,Concat_7,Conv_25,Relu_25,GlobalAveragePool_0,Flatten_0,output
45,input,Conv_0,Relu_0,MaxPool_0,Conv_1,Relu_1,Conv_3,Conv_2,Relu_3,Relu_2,Concat_0,Conv_4,Relu_4,Conv_6,Relu_6,Conv_5,Relu_5,Concat_1,MaxPool_1,Conv_7,Relu_7,Conv_9,Relu_9,Conv_8,Relu_8,Concat_2,Conv_10,Relu_10,Conv_12,Relu_12,Conv_11,Relu_11,Concat_3,MaxPool_2,Conv_13,Relu_13,Conv_15,Conv_14,Relu_15,Relu_14,Concat_4,Conv_16,Relu_16,Conv_17,Relu_17,Conv_18,Relu_18,Concat_5,Conv_19,Relu_19,Conv_20,Conv_21,Relu_20,Relu_21,Concat_6,Conv_22,Relu_22,Conv_23,Relu_23,Conv_24,Relu_24,Concat_7,Conv_25,Relu_25,GlobalAveragePool_0,Flatten_0,output
46,input,Conv_0,Relu_0,MaxPool_0,Conv_1,Relu_1,Conv_3,Relu_3,Conv_2,Relu_2,Concat_0,Conv_4,Relu_4,Conv_5,Conv_6,Relu_5,Relu_6,Concat_1,MaxPool_1,Conv_7,Relu_7,Conv_8,Conv_9,Relu_9,Relu_8,Concat_2,Conv_10,Relu_10,Conv_12,Conv_11,Relu_12,Relu_11,Concat_3,MaxPool_2,Conv_13,Relu_13,Conv_15,Relu_15,Conv_14,Relu_14,Concat_4,Conv_16,Relu_16,Conv_18,Relu_18,Conv_17,Relu_17,Concat_5,Conv_19,Relu_19,Conv_20,Relu_20,Conv_21,Relu_21,Concat_6,Conv_22,Relu_22,Conv_23,Conv_24,Relu_24,Relu_23,Concat_7,Conv_25,Relu_25,GlobalAveragePool_0,Flatten_0,output
47,input,Conv_0,Relu_0,MaxPool_0,Conv_1,Relu_1,Conv_3,Relu_3,Conv_2,Relu_2,Concat_0,Conv_4,Relu_4,Conv_5,Conv_6,Relu_5,Relu_6,Concat_1,MaxPool_1,Conv_7,Relu_7,Conv_8,Relu_8,Conv_9,Relu_9,Concat_2,Conv_10,Relu_10,Conv_12,Conv_11,Relu_12,Relu_11,Concat_3,MaxPool_2,Conv_13,Relu_13,Conv_14,Conv_15,Relu_14,Relu_15,Concat_4,Conv_16,Relu_16,Conv_18,Relu_18,Conv_17,Relu_17,Concat_5,Conv_19,Relu_19,Conv_21,Relu_21,Conv_20,Relu_20,Concat_6,Conv_22,Relu_22,Conv_24,Conv_23,Relu_24,Relu_23,Concat_7,Conv_25,Relu_25,GlobalAveragePool_0,Flatten_0,output
48,input,Conv_0,Relu_0,MaxPool_0,Conv_1,Relu_1,Conv_3,Relu_3,Conv_2,Relu_2,Concat_0,Conv_4,Relu_4,Conv_5,Conv_6,Relu_5,Relu_6,Concat_1,MaxPool_1,Conv_7,Relu_7,Conv_8,Relu_8,Conv_9,Relu_9,Concat_2,Conv_10,Relu_10,Conv_12,Relu_12,Conv_11,Relu_11,Concat_3,MaxPool_2,Conv_13,Relu_13,Conv_14,Relu_14,Conv_15,Relu_15,Concat_4,Conv_16,Relu_16,Conv_17,Conv_18,Relu_18,Relu_17,Concat_5,Conv_19,Relu_19,Conv_21,Conv_20,Relu_21,Relu_20,Concat_6,Conv_22,Relu_22,Conv_24,Relu_24,Conv_23,Relu_23,Concat_7,Conv_25,Relu_25,GlobalAveragePool_0,Flatten_0,output
49,input,Conv_0,Relu_0,MaxPool_0,Conv_1,Relu_1,Conv_3,Relu_3,Conv_2,Relu_2,Concat_0,Conv_4,Relu_4,Conv_5,Conv_6,Relu_5,Relu_6,Concat_1,MaxPool_1,Conv_7,Relu_7,Conv_9,Conv_8,Relu_8,Relu_9,Concat_2,Conv_10,Relu_10,Conv_11,Conv_12,Relu_12,Relu_11,Concat_3,MaxPool_2,Conv_13,Relu_13,Conv_15,Conv_14,Relu_14,Relu_15,Concat_4,Conv_16,Relu_16,Conv_18,Relu_18,Conv_17,Relu_17,Concat_5,Conv_19,Relu_19,Conv_21,Relu_21,Conv_20,Relu_20,Concat_6,Conv_22,Relu_22,Conv_24,Relu_24,Conv_23,Relu_23,Concat_7,Conv_25,Relu_25,GlobalAveragePool_0,Flatten_0,output
50,input,Conv_0,Relu_0,MaxPool_0,Conv_1,Relu_1,Conv_3,Relu_3,Conv_2,Relu_2,Concat_0,Conv_4,Relu_4,Conv_5,Conv_6,Relu_5,Relu_6,Concat_1,MaxPool_1,Conv_7,Relu_7,Conv_9,Conv_8,Relu_8,Relu_9,Concat_2,Conv_10,Relu_10,Conv_12,Relu_12,Conv_11,Relu_11,Concat_3,MaxPool_2,Conv_13,Relu_13,Conv_14,Conv_15,Relu_14,Relu_15,Concat_4,Conv_16,Relu_16,Conv_18,Conv_17,Relu_18,Relu_17,Concat_5,Conv_19,Relu_19,Conv_21,Conv_20,Relu_21,Relu_20,Concat_6,Conv_22,Relu_22,Conv_24,Relu_24,Conv_23,Relu_23,Concat_7,Conv_25,Relu_25,GlobalAveragePool_0,Flatten_0,output
51,input,Conv_0,Relu_0,MaxPool_0,Conv_1,Relu_1,Conv_3,Relu_3,Conv_2,Relu_2,Concat_0,Conv_4,Relu_4,Conv_5,Conv_6,Relu_5,Relu_6,Concat_1,MaxPool_1,Conv_7,Relu_7,Conv_9,Conv_8,Relu_9,Relu_8,Concat_2,Conv_10,Relu_10,Conv_11,Relu_11,Conv_12,Relu_12,Concat_3,MaxPool_2,Conv_13,Relu_13,Conv_14,Conv_15,Relu_14,Relu_15,Concat_4,Conv_16,Relu_16,Conv_18,Conv_17,Relu_18,Relu_17,Concat_5,Conv_19,Relu_19,Conv_21,Relu_21,Conv_20,Relu_20,Concat_6,Conv_22,Relu_22,Conv_24,Relu_24,Conv_23,Relu_23,Concat_7,Conv_25,Relu_25,GlobalAveragePool_0,Flatten_0,output
52,input,Conv_0,Relu_0,MaxPool_0,Conv_1,Relu_1,Conv_3,Relu_3,Conv_2,Relu_2,Concat_0,Conv_4,Relu_4,Conv_5,Conv_6,Relu_6,Relu_5,Concat_1,MaxPool_1,Conv_7,Relu_7,Conv_8,Conv_9,Relu_9,Relu_8,Concat_2,Conv_10,Relu_10,Conv_11,Relu_11,Conv_12,Relu_12,Concat_3,MaxPool_2,Conv_13,Relu_13,Conv_14,Conv_15,Relu_15,Relu_14,Concat_4,Conv_16,Relu_16,Conv_17,Relu_17,Conv_18,Relu_18,Concat_5,Conv_19,Relu_19,Conv_20,Conv_21,Relu_20,Relu_21,Concat_6,Conv_22,Relu_22,Conv_24,Conv_23,Relu_23,Relu_24,Concat_7,Conv_25,Relu_25,GlobalAveragePool_0,Flatten_0,output
53,input,Conv_0,Relu_0,MaxPool_0,Conv_1,Relu_1,Conv_3,Relu_3,Conv_2,Relu_2,Concat_0,Conv_4,Relu_4,Conv_5,Conv_6,Relu_6,Relu_5,Concat_1,MaxPool_1,Conv_7,Relu_7,Conv_8,Relu_8,Conv_9,Relu_9,Concat_2,Conv_10,Relu_10,Conv_11,Conv_12,Relu_11,Relu_12,Concat_3,MaxPool_2,Conv_13,Relu_13,Conv_14,Conv_15,Relu_15,Relu_14,Concat_4,Conv_16,Relu_16,Conv_17,Relu_17,Conv_18,Relu_18,Concat_5,Conv_19,Relu_19,Conv_20,Relu_20,Conv_21,Relu_21,Concat_6,Conv_22,Relu_22,Conv_23,Conv_24,Relu_24,Relu_23,Concat_7,Conv_25,Relu_25,GlobalAveragePool_0,Flatten_0,output
54,input,Conv_0,Relu_0,MaxPool_0,Conv_1,Relu_1,Conv_3,Relu_3,Conv_2,Relu_2,Concat_0,Conv_4,Relu_4,Conv_5,Conv_6,Relu_6,Relu_5,Concat_1,MaxPool_1,Conv_7,Relu_7,Conv_8,Relu_8,Conv_9,Relu_9,Concat_2,Conv_10,Relu_10,Conv_12,Relu_12,Conv_11,Relu_11,Concat_3,MaxPool_2,Conv_13,Relu_13,Conv_15,Relu_15,Conv_14,Relu_14,Concat_4,Conv_16,Relu_16,Conv_18,Relu_18,Conv_17,Relu_17,Concat_5,Conv_19,Relu_19,Conv_21,Conv_20,Relu_20,Relu_21,Concat_6,Conv_22,Relu_22,Conv_24,Relu_24,Conv_23,Relu_23,Concat_7,Conv_25,Relu_25,GlobalAveragePool_0,Flatten_0,output
55,input,Conv_0,Relu_0,MaxPool_0,Conv_1,Relu_1,Conv_3,Relu_3,Conv_2,Relu_2,Concat_0,Conv_4,Relu_4,Conv_5,Conv_6,Relu_6,Relu_5,Concat_1,MaxPool_1,Conv_7,Relu_7,Conv_9,Relu_9,Conv_8,Relu_8,Concat_2,Conv_10,Relu_10,Conv_11,Relu_11,Conv_12,Relu_12,Concat_3,MaxPool_2,Conv_13,Relu_13,Conv_15,Conv_14,Relu_15,Relu_14,Concat_4,Conv_16,Relu_16,Conv_18,Conv_17,Relu_17,Relu_18,Concat_5,Conv_19,Relu_19,Conv_21,Relu_21,Conv_20,Relu_20,Concat_6,Conv_22,Relu_22,Conv_24,Relu_24,Conv_23,Relu_23,Concat_7,Conv_25,Relu_25,GlobalAveragePool_0,Flatten_0,output
56,input,Conv_0,Relu_0,MaxPool_0,Conv_1,Relu_1,Conv_3,Relu_3,Conv_2,Relu_2,Concat_0,Conv_4,Relu_4,Conv_5,Relu_5,Conv_6,Relu_6,Concat_1,MaxPool_1,Conv_7,Relu_7,Conv_9,Conv_8,Relu_8,Relu_9,Concat_2,Conv_10,Relu_10,Conv_11,Relu_11,Conv_12,Relu_12,Concat_3,MaxPool_2,Conv_13,Relu_13,Conv_15,Relu_15,Conv_14,Relu_14,Concat_4,Conv_16,Relu_16,Conv_17,Conv_18,Relu_17,Relu_18,Concat_5,Conv_19,Relu_19,Conv_20,Relu_20,Conv_21,Relu_21,Concat_6,Conv_22,Relu_22,Conv_23,Conv_24,Relu_24,Relu_23,Concat_7,Conv_25,Relu_25,GlobalAveragePool_0,Flatten_0,output
57,input,Conv_0,Relu_0,MaxPool_0,Conv_1,Relu_1,Conv_3,Relu_3,Conv_2,Relu_2,Concat_0,Conv_4,Relu_4,Conv_5,Relu_5,Conv_6,Relu_6,Concat_1,MaxPool_1,Conv_7,Relu_7,Conv_9,Conv_8,Relu_9,Relu_8,Concat_2,Conv_10,Relu_10,Conv_11,Conv_12,Relu_12,Relu_11,Concat_3,MaxPool_2,Conv_13,Relu_13,Conv_14,Conv_15,Relu_15,Relu_14,Concat_4,Conv_16,Relu_16,Conv_18,Conv_17,Relu_17,Relu_18,Concat_5,Conv_19,Relu_19,Conv_20,Conv_21,Relu_20,Relu_21,Concat_6,Conv_22,Relu_22,Conv_23,Relu_23,Conv_24,Relu_24,Concat_7,Conv_25,Relu_25,GlobalAveragePool_0,Flatten_0,output
58,input,Conv_0,Relu_0,MaxPool_0,Conv_1,Relu_1,Conv_3,Relu_3,Conv_2,Relu_2,Concat_0,Conv_4,Relu_4,Conv_5,Relu_5,Conv_6,Relu_6,Concat_1,MaxPool_1,Conv_7,Relu_7,Conv_9,Conv_8,Relu_9,Relu_8,Concat_2,Conv_10,Relu_10,Conv_11,Relu_11,Conv_12,Relu_12,Concat_3,MaxPool_2,Conv_13,Relu_13,Conv_14,Conv_15,Relu_14,Relu_15,Concat_4,Conv_16,Relu_16,Conv_17,Relu_17,Conv_18,Relu_18,Concat_5,Conv_19,Relu_19,Conv_21,Conv_20,Relu_21,Relu_20,Concat_6,Conv_22,Relu_22,Conv_23,Relu_23,Conv_24,Relu_24,Concat_7,Conv_25,Relu_25,GlobalAveragePool_0,Flatten_0,output
59,input,Conv_0,Relu_0,MaxPool_0,Conv_1,Relu_1,Conv_3,Relu_3,Conv_2,Relu_2,Concat_0,Conv_4,Relu_4,Conv_6,Conv_5,Relu_5,Relu_6,Concat_1,MaxPool_1,Conv_7,Relu_7,Conv_9,Relu_9,Conv_8,Relu_8,Concat_2,Conv_10,Relu_10,Conv_11,Relu_11,Conv_12,Relu_12,Concat_3,MaxPool_2,Conv_13,Relu_13,Conv_14,Conv_15,Relu_14,Relu_15,Concat_4,Conv_16,Relu_16,Conv_18,Relu_18,Conv_17,Relu_17,Concat_5,Conv_19,Relu_19,Conv_20,Conv_21,Relu_21,Relu_20,Concat_6,Conv_22,Relu_22,Conv_23,Relu_23,Conv_24,Relu_24,Concat_7,Conv_25,Relu_25,GlobalAveragePool_0,Flatten_0,output
60,input,Conv_0,Relu_0,MaxPool_0,Conv_1,Relu_1,Conv_3,Relu_3,Conv_2,Relu_2,Concat_0,Conv_4,Relu_4,Conv_6,Conv_5,Relu_6,Relu_5,Concat_1,MaxPool_1,Conv_7,Relu_7,Conv_8,Conv_9,Relu_9,Relu_8,Concat_2,Conv_10,Relu_10,Conv_11,Conv_12,Relu_12,Relu_11,Concat_3,MaxPool_2,Conv_13,Relu_13,Conv_15,Relu_15,Conv_14,Relu_14,Concat_4,Conv_16,Relu_16,Conv_17,Relu_17,Conv_18,Relu_18,Concat_5,Conv_19,Relu_19,Conv_21,Relu_21,Conv_20,Relu_20,Concat_6,Conv_22,Relu_22,Conv_24,Relu_24,Conv_23,Relu_23,Concat_7,Conv_25,Relu_25,GlobalAveragePool_0,Flatten_0,output
61,input,Conv_0,Relu_0,MaxPool_0,Conv_1,Relu_1,Conv_3,Relu_3,Conv_2,Relu_2,Concat_0,Conv_4,Relu_4,Conv_6,Relu_6,Conv_5,Relu_5,Concat_1,MaxPool_1,Conv_7,Relu_7,Conv_8,Relu_8,Conv_9,Relu_9,Concat_2,Conv_10,Relu_10,Conv_12,Relu_12,Conv_11,Relu_11,Concat_3,MaxPool_2,Conv_13,Relu_13,Conv_15,Relu_15,Conv_14,Relu_14,Concat_4,Conv_16,Relu_16,Conv_17,Relu_17,Conv_18,Relu_18,Concat_5,Conv_19,Relu_19,Conv_20,Relu_20,Conv_21,Relu_21,Concat_6,Conv_22,Relu_22,Conv_23,Conv_24,Relu_24,Relu_23,Concat_7,Conv_25,Relu_25,GlobalAveragePool_0,Flatten_0,output
62,input,Conv_0,Relu_0,MaxPool_0,Conv_1,Relu_1,Conv_3,Relu_3,Conv_2,Relu_2,Concat_0,Conv_4,Relu_4,Conv_6,Relu_6,Conv_5,Relu_5,Concat_1,MaxPool_1,Conv_7,Relu_7,Conv_9,Conv_8,Relu_8,Relu_9,Concat_2,Conv_10,Relu_10,Conv_11,Conv_12,Relu_12,Relu_11,Concat_3,MaxPool_2,Conv_13,Relu_13,Conv_15,Conv_14,Relu_15,Relu_14,Concat_4,Conv_16,Relu_16,Conv_18,Relu_18,Conv_17,Relu_17,Concat_5,Conv_19,Relu_19,Conv_20,Conv_21,Relu_21,Relu_20,Concat_6,Conv_22,Relu_22,Conv_23,Relu_23,Conv_24,Relu_24,Concat_7,Conv_25,Relu_25,GlobalAveragePool_0,Flatten_0,output
63,input,Conv_0,Relu_0,MaxPool_0,Conv_1,Relu_1,Conv_3,Relu_3,Conv_2,Relu_2,Concat_0,Conv_4,Relu_4,Conv_6,Relu_6,Conv_5,Relu_5,Concat_1,MaxPool_1,Conv_7,Relu_7,Conv_9,Conv_8,Relu_9,Relu_8,Concat_2,Conv_10,Relu_10,Conv_12,Relu_12,Conv_11,Relu_11,Concat_3,MaxPool_2,Conv_13,Relu_13,Conv_14,Conv_15,Relu_14,Relu_15,Concat_4,Conv_16,Relu_16,Conv_17,Relu_17,Conv_18,Relu_18,Concat_5,Conv_19,Relu_19,Conv_20,Relu_20,Conv_21,Relu_21,Concat_6,Conv_22,Relu_22,Conv_23,Relu_23,Conv_24,Relu_24,Concat_7,Conv_25,Relu_25,GlobalAveragePool_0,Flatten_0,output
